venue,station_time,temperature,temperature_max,temperature_min,humidity,pressure,wind_direction,wind_speed,gust_speed,rain_10min,rain_today,soil_water,soil_loss_today,sunshine_hour,captured_at,sectional
ST,09:57,33.6,33.6,26.3,69.6,1013.2,S,0,3,0,0,22.1,0.3,2.84,2026-10-01T02:00:04.766316+00:00,"[{""gust"":2,""speed"":1,""location"":""A"",""direction"":""N17W""},{""gust"":4,""speed"":3,""location"":""B"",""direction"":""S6E""},{""gust"":6,""speed"":5,""location"":""C"",""direction"":""S40E""},{""gust"":7,""speed"":6,""location"":""D"",""direction"":""N40E""}]"
HV,09:57,32.4,32.7,27.8,71.9,1013,N73E,4,8,0,0,19.7,0.5,1.68,2026-10-01T02:00:04.766316+00:00,"[{""gust"":8,""speed"":7,""location"":""A"",""direction"":""S74W""},{""gust"":6,""speed"":5,""location"":""B"",""direction"":""N49W""},{""gust"":7,""speed"":5,""location"":""C"",""direction"":""S16W""},{""gust"":4,""speed"":3,""location"":""D"",""direction"":""S51E""}]"
HV,10:02,31.9,32.7,27.8,73,1012.8,S76W,3,6,0,0,19.6,0.8,1.77,2026-10-01T02:05:06.378216+00:00,"[{""gust"":2,""speed"":1,""location"":""A"",""direction"":""N54W""},{""gust"":3,""speed"":2,""location"":""B"",""direction"":""N17E""},{""gust"":4,""speed"":3,""location"":""C"",""direction"":""S5W""},{""gust"":4,""speed"":3,""location"":""D"",""direction"":""N55E""}]"
ST,10:02,33,33.7,26.3,69.3,1013.2,S60E,5,8,0,0,22.2,0.3,2.92,2026-10-01T02:05:06.378216+00:00,"[{""gust"":3,""speed"":2,""location"":""A"",""direction"":""S85E""},{""gust"":3,""speed"":3,""location"":""B"",""direction"":""N80E""},{""gust"":6,""speed"":5,""location"":""C"",""direction"":""N40E""},{""gust"":5,""speed"":5,""location"":""D"",""direction"":""N83E""}]"
HV,10:07,32,32.7,27.8,71.9,1012.8,N6W,3,10,0,0,19.6,0.8,1.85,2026-10-01T02:10:06.496385+00:00,"[{""gust"":5,""speed"":4,""location"":""A"",""direction"":""N84W""},{""gust"":5,""speed"":4,""location"":""B"",""direction"":""N43W""},{""gust"":6,""speed"":4,""location"":""C"",""direction"":""N9E""},{""gust"":5,""speed"":4,""location"":""D"",""direction"":""N23W""}]"
ST,10:07,33.1,33.7,26.3,69.7,1013.1,S64E,3,6,0,0,22.2,0.5,3,2026-10-01T02:10:06.496385+00:00,"[{""gust"":4,""speed"":3,""location"":""A"",""direction"":""S16E""},{""gust"":3,""speed"":2,""location"":""B"",""direction"":""N56W""},{""gust"":2,""speed"":2,""location"":""C"",""direction"":""N56E""},{""gust"":3,""speed"":2,""location"":""D"",""direction"":""S78W""}]"
ST,10:12,33.4,33.7,26.3,70.5,1013.2,N41E,4,6,0,0,22.1,0.5,3.09,2026-10-01T02:15:03.715504+00:00,"[{""gust"":5,""speed"":4,""location"":""A"",""direction"":""N86E""},{""gust"":5,""speed"":5,""location"":""B"",""direction"":""S50W""},{""gust"":4,""speed"":3,""location"":""C"",""direction"":""S63E""},{""gust"":2,""speed"":2,""location"":""D"",""direction"":""S75W""}]"
HV,10:12,31.8,32.7,27.8,71.5,1012.8,N33E,6,9,0,0,19.6,0.8,1.93,2026-10-01T02:15:03.715504+00:00,"[{""gust"":9,""speed"":6,""location"":""A"",""direction"":""N55W""},{""gust"":7,""speed"":6,""location"":""B"",""direction"":""N21W""},{""gust"":6,""speed"":5,""location"":""C"",""direction"":""N14W""},{""gust"":9,""speed"":7,""location"":""D"",""direction"":""N1E""}]"
ST,10:17,33.6,33.7,26.3,67.9,1013,S26W,2,6,0,0,22.1,0.5,3.17,2026-10-01T02:20:03.626365+00:00,"[{""gust"":7,""speed"":6,""location"":""A"",""direction"":""S81E""},{""gust"":3,""speed"":2,""location"":""B"",""direction"":""N88W""},{""gust"":2,""speed"":1,""location"":""C"",""direction"":""S10W""},{""gust"":5,""speed"":3,""location"":""D"",""direction"":""S62E""}]"
HV,10:17,32.4,32.7,27.8,70.1,1012.9,N65W,2,4,0,0,19.6,0.8,2.02,2026-10-01T02:20:03.626365+00:00,"[{""gust"":4,""speed"":2,""location"":""A"",""direction"":""S64E""},{""gust"":2,""speed"":1,""location"":""B"",""direction"":""S20W""},{""gust"":3,""speed"":2,""location"":""C"",""direction"":""N10W""},{""gust"":6,""speed"":5,""location"":""D"",""direction"":""N28E""}]"
HV,10:22,31.5,32.7,27.8,74.5,1012.9,N4W,5,9,0,0,19.7,1,2.1,2026-10-01T02:25:28.259886+00:00,"[{""gust"":4,""speed"":2,""location"":""A"",""direction"":""N80E""},{""gust"":4,""speed"":3,""location"":""B"",""direction"":""N20W""},{""gust"":3,""speed"":2,""location"":""C"",""direction"":""N40E""},{""gust"":3,""speed"":2,""location"":""D"",""direction"":""N58E""}]"
ST,10:22,33.7,33.8,26.3,68,1013.1,N52E,4,10,0,0,22.1,0.5,3.25,2026-10-01T02:25:28.259886+00:00,"[{""gust"":5,""speed"":4,""location"":""A"",""direction"":""S57E""},{""gust"":5,""speed"":3,""location"":""B"",""direction"":""N74E""},{""gust"":4,""speed"":3,""location"":""C"",""direction"":""S85E""},{""gust"":6,""speed"":4,""location"":""D"",""direction"":""S85E""}]"
ST,10:27,33.1,33.8,26.3,69.9,1013,N23E,5,11,0,0,22.1,0.5,3.34,2026-10-01T02:30:05.584924+00:00,"[{""gust"":7,""speed"":6,""location"":""A"",""direction"":""N16E""},{""gust"":3,""speed"":2,""location"":""B"",""direction"":""N66E""},{""gust"":7,""speed"":6,""location"":""C"",""direction"":""S51E""},{""gust"":7,""speed"":5,""location"":""D"",""direction"":""N62E""}]"
HV,10:27,31.6,32.7,27.8,74.1,1012.9,S82E,4,7,0,0,19.6,1,2.18,2026-10-01T02:30:05.584924+00:00,"[{""gust"":1,""speed"":1,""location"":""A"",""direction"":""N32E""},{""gust"":5,""speed"":4,""location"":""B"",""direction"":""N82W""},{""gust"":3,""speed"":1,""location"":""C"",""direction"":""S52E""},{""gust"":6,""speed"":5,""location"":""D"",""direction"":""N10E""}]"
ST,10:32,32.6,33.8,26.3,69.8,1013.2,N41E,7,9,0,0,22.1,0.8,3.42,2026-10-01T02:35:04.384154+00:00,"[{""gust"":8,""speed"":6,""location"":""A"",""direction"":""N64E""},{""gust"":7,""speed"":6,""location"":""B"",""direction"":""N58E""},{""gust"":7,""speed"":6,""location"":""C"",""direction"":""S63E""},{""gust"":10,""speed"":9,""location"":""D"",""direction"":""N33E""}]"
HV,10:32,31.5,32.7,27.8,74.9,1012.9,N4E,3,7,0,0,19.6,1,2.27,2026-10-01T02:35:04.384154+00:00,"[{""gust"":1,""speed"":1,""location"":""A"",""direction"":""S10W""},{""gust"":5,""speed"":5,""location"":""B"",""direction"":""N31W""},{""gust"":5,""speed"":4,""location"":""C"",""direction"":""N11W""},{""gust"":2,""speed"":1,""location"":""D"",""direction"":""N10E""}]"
HV,10:36,32.4,32.7,27.8,72.8,1012.9,N11W,1,4,0,0,19.6,1,2.33,2026-10-01T02:40:02.889796+00:00,"[{""gust"":2,""speed"":2,""location"":""A"",""direction"":""N51W""},{""gust"":5,""speed"":4,""location"":""B"",""direction"":""N35W""},{""gust"":4,""speed"":2,""location"":""C"",""direction"":""S69E""},{""gust"":7,""speed"":5,""location"":""D"",""direction"":""S45E""}]"
ST,10:36,32.8,33.8,26.3,69.3,1013.1,N23E,5,8,0,0,22.1,0.8,3.49,2026-10-01T02:40:02.889796+00:00,"[{""gust"":9,""speed"":7,""location"":""A"",""direction"":""N4W""},{""gust"":4,""speed"":3,""location"":""B"",""direction"":""N65E""},{""gust"":2,""speed"":2,""location"":""C"",""direction"":""S28E""},{""gust"":5,""speed"":3,""location"":""D"",""direction"":""N21W""}]"
HV,10:42,32.8,32.8,27.8,73,1012.8,N41E,3,7,0,0,19.6,1,2.43,2026-10-01T02:45:04.045218+00:00,"[{""gust"":7,""speed"":6,""location"":""A"",""direction"":""S9E""},{""gust"":3,""speed"":2,""location"":""B"",""direction"":""N40W""},{""gust"":9,""speed"":6,""location"":""C"",""direction"":""N83E""},{""gust"":6,""speed"":5,""location"":""D"",""direction"":""N61E""}]"
ST,10:42,33.1,33.8,26.3,69.6,1013,N28E,6,9,0,0,22.1,0.8,3.59,2026-10-01T02:45:04.045218+00:00,"[{""gust"":8,""speed"":7,""location"":""A"",""direction"":""N85E""},{""gust"":7,""speed"":5,""location"":""B"",""direction"":""N67E""},{""gust"":5,""speed"":4,""location"":""C"",""direction"":""N74E""},{""gust"":9,""speed"":8,""location"":""D"",""direction"":""N70E""}]"
HV,10:47,32.3,32.8,27.8,73.2,1012.9,S71W,5,8,0,0,19.5,1,2.52,2026-10-01T02:50:03.717176+00:00,"[{""gust"":2,""speed"":1,""location"":""A"",""direction"":""N65E""},{""gust"":2,""speed"":1,""location"":""B"",""direction"":""N55E""},{""gust"":12,""speed"":9,""location"":""C"",""direction"":""S82W""},{""gust"":7,""speed"":3,""location"":""D"",""direction"":""S74E""}]"
ST,10:47,32.7,33.8,26.3,68.2,1012.9,N12E,5,6,0,0,22.1,0.8,3.67,2026-10-01T02:50:03.717176+00:00,"[{""gust"":5,""speed"":4,""location"":""A"",""direction"":""N58E""},{""gust"":8,""speed"":7,""location"":""B"",""direction"":""N85E""},{""gust"":7,""speed"":5,""location"":""C"",""direction"":""N36E""},{""gust"":7,""speed"":6,""location"":""D"",""direction"":""N63E""}]"
ST,10:52,33,33.8,26.3,69.2,1013,N16W,2,6,0,0,22.1,1,3.75,2026-10-01T02:55:05.356353+00:00,"[{""gust"":5,""speed"":4,""location"":""A"",""direction"":""N84E""},{""gust"":10,""speed"":8,""location"":""B"",""direction"":""N56E""},{""gust"":7,""speed"":6,""location"":""C"",""direction"":""N65E""},{""gust"":9,""speed"":7,""location"":""D"",""direction"":""N75E""}]"
HV,10:52,31.7,32.8,27.8,73.9,1012.9,S86W,6,10,0,0,19.6,1.3,2.6,2026-10-01T02:55:05.356353+00:00,"[{""gust"":6,""speed"":6,""location"":""A"",""direction"":""S21W""},{""gust"":2,""speed"":1,""location"":""B"",""direction"":""N87W""},{""gust"":5,""speed"":3,""location"":""C"",""direction"":""N88W""},{""gust"":9,""speed"":8,""location"":""D"",""direction"":""S72E""}]"
ST,10:57,33.3,33.8,26.3,68.5,1013,N7E,3,6,0,0,22.1,1,3.84,2026-10-01T03:00:03.571524+00:00,"[{""gust"":9,""speed"":5,""location"":""A"",""direction"":""N36E""},{""gust"":6,""speed"":5,""location"":""B"",""direction"":""N18E""},{""gust"":6,""speed"":5,""location"":""C"",""direction"":""N80E""},{""gust"":8,""speed"":7,""location"":""D"",""direction"":""N75E""}]"
HV,10:57,32.2,32.8,27.8,72.2,1012.8,N10E,2,7,0,0,19.5,1.3,2.68,2026-10-01T03:00:03.571524+00:00,"[{""gust"":8,""speed"":7,""location"":""A"",""direction"":""S10W""},{""gust"":4,""speed"":3,""location"":""B"",""direction"":""S78W""},{""gust"":9,""speed"":8,""location"":""C"",""direction"":""S68E""},{""gust"":4,""speed"":3,""location"":""D"",""direction"":""S70E""}]"
ST,11:02,33.4,33.8,26.3,69.9,1012.9,N41E,6,9,0,0,22.1,1,3.92,2026-10-01T03:05:03.876556+00:00,"[{""gust"":10,""speed"":5,""location"":""A"",""direction"":""N48E""},{""gust"":5,""speed"":3,""location"":""B"",""direction"":""N67E""},{""gust"":7,""speed"":6,""location"":""C"",""direction"":""N57E""},{""gust"":10,""speed"":8,""location"":""D"",""direction"":""N41E""}]"
HV,11:02,32,32.8,27.8,71.8,1012.8,N57E,6,11,0,0,19.5,1.3,2.77,2026-10-01T03:05:03.876556+00:00,"[{""gust"":12,""speed"":10,""location"":""A"",""direction"":""S8W""},{""gust"":6,""speed"":4,""location"":""B"",""direction"":""N55W""},{""gust"":7,""speed"":5,""location"":""C"",""direction"":""N76E""},{""gust"":8,""speed"":7,""location"":""D"",""direction"":""S44E""}]"
HV,11:07,32,32.8,27.8,72.7,1012.6,E,5,11,0,0,19.5,1.3,2.85,2026-10-01T03:10:03.370901+00:00,"[{""gust"":5,""speed"":2,""location"":""A"",""direction"":""S31W""},{""gust"":9,""speed"":7,""location"":""B"",""direction"":""S43W""},{""gust"":3,""speed"":2,""location"":""C"",""direction"":""N33W""},{""gust"":8,""speed"":6,""location"":""D"",""direction"":""S39E""}]"
ST,11:07,34,34,26.3,66.1,1012.8,N57E,2,4,0,0,22,1,4,2026-10-01T03:10:03.370901+00:00,"[{""gust"":7,""speed"":5,""location"":""A"",""direction"":""N63E""},{""gust"":9,""speed"":8,""location"":""B"",""direction"":""S87E""},{""gust"":8,""speed"":5,""location"":""C"",""direction"":""N86E""},{""gust"":9,""speed"":8,""location"":""D"",""direction"":""N50E""}]"
HV,11:12,31.9,32.8,27.8,73.7,1012.6,N70E,7,11,0,0,19.5,1.3,2.93,2026-10-01T03:15:05.764462+00:00,"[{""gust"":9,""speed"":8,""location"":""A"",""direction"":""S32W""},{""gust"":4,""speed"":3,""location"":""B"",""direction"":""S18W""},{""gust"":11,""speed"":10,""location"":""C"",""direction"":""N88W""},{""gust"":11,""speed"":7,""location"":""D"",""direction"":""S57E""}]"
ST,11:12,33.7,34,26.3,66.1,1012.6,N34E,5,8,0,0,22,1,4.09,2026-10-01T03:15:05.764462+00:00,"[{""gust"":11,""speed"":10,""location"":""A"",""direction"":""N63E""},{""gust"":8,""speed"":6,""location"":""B"",""direction"":""N61E""},{""gust"":9,""speed"":7,""location"":""C"",""direction"":""N87E""},{""gust"":8,""speed"":7,""location"":""D"",""direction"":""N46E""}]"
HV,11:17,32.1,32.8,27.8,72.3,1012.5,S73E,4,8,0,0,19.8,1.3,3.02,2026-10-01T03:20:05.1872+00:00,"[{""gust"":7,""speed"":6,""location"":""A"",""direction"":""S35W""},{""gust"":2,""speed"":2,""location"":""B"",""direction"":""S57W""},{""gust"":3,""speed"":3,""location"":""C"",""direction"":""N8E""},{""gust"":6,""speed"":4,""location"":""D"",""direction"":""N75E""}]"
ST,11:17,33.4,34,26.3,66.6,1012.6,N43E,7,11,0,0,22,1,4.17,2026-10-01T03:20:05.1872+00:00,"[{""gust"":10,""speed"":6,""location"":""A"",""direction"":""N25E""},{""gust"":8,""speed"":7,""location"":""B"",""direction"":""N51E""},{""gust"":11,""speed"":10,""location"":""C"",""direction"":""S82E""},{""gust"":4,""speed"":3,""location"":""D"",""direction"":""N40E""}]"
ST,11:22,33,34,26.3,67.9,1012.8,N34E,5,8,0,0,21.9,1.3,4.25,2026-10-01T03:25:04.866835+00:00,"[{""gust"":4,""speed"":3,""location"":""A"",""direction"":""N44E""},{""gust"":8,""speed"":5,""location"":""B"",""direction"":""N72E""},{""gust"":9,""speed"":7,""location"":""C"",""direction"":""S88E""},{""gust"":7,""speed"":6,""location"":""D"",""direction"":""N84E""}]"
HV,11:22,32.7,33,27.8,70.6,1012.4,S87E,1,7,0,0,21.2,1.5,3.1,2026-10-01T03:25:04.866835+00:00,"[{""gust"":8,""speed"":7,""location"":""A"",""direction"":""S4E""},{""gust"":6,""speed"":5,""location"":""B"",""direction"":""N23W""},{""gust"":11,""speed"":9,""location"":""C"",""direction"":""N58E""},{""gust"":10,""speed"":6,""location"":""D"",""direction"":""S67E""}]"
ST,11:27,33.4,34,26.3,67.2,1012.7,N32E,5,9,0,0,21.9,1.3,4.34,2026-10-01T03:30:05.234649+00:00,"[{""gust"":4,""speed"":3,""location"":""A"",""direction"":""N41E""},{""gust"":7,""speed"":6,""location"":""B"",""direction"":""N45E""},{""gust"":12,""speed"":11,""location"":""C"",""direction"":""N41E""},{""gust"":5,""speed"":4,""location"":""D"",""direction"":""S75E""}]"
HV,11:27,32.2,33,27.8,71.7,1012.6,N77E,1,7,0,0,21.7,1.5,3.18,2026-10-01T03:30:05.234649+00:00,"[{""gust"":13,""speed"":8,""location"":""A"",""direction"":""S15E""},{""gust"":9,""speed"":7,""location"":""B"",""direction"":""S35W""},{""gust"":7,""speed"":4,""location"":""C"",""direction"":""S5W""},{""gust"":10,""speed"":7,""location"":""D"",""direction"":""S22E""}]"
HV,11:32,33.1,33.1,27.8,71.4,1012.4,N28E,1,6,0,0,21.9,1.5,3.27,2026-10-01T03:35:03.971835+00:00,"[{""gust"":6,""speed"":3,""location"":""A"",""direction"":""S23E""},{""gust"":2,""speed"":1,""location"":""B"",""direction"":""S12W""},{""gust"":6,""speed"":4,""location"":""C"",""direction"":""N87W""},{""gust"":9,""speed"":7,""location"":""D"",""direction"":""N77E""}]"
ST,11:32,33.5,34,26.3,66.3,1012.6,N30E,5,8,0,0,21.9,1.3,4.42,2026-10-01T03:35:03.971835+00:00,"[{""gust"":6,""speed"":4,""location"":""A"",""direction"":""N32W""},{""gust"":8,""speed"":5,""location"":""B"",""direction"":""N82E""},{""gust"":6,""speed"":6,""location"":""C"",""direction"":""N36E""},{""gust"":4,""speed"":3,""location"":""D"",""direction"":""S81E""}]"
ST,11:37,33.6,34,26.3,66.9,1012.6,N19E,4,6,0,0,21.9,1.3,4.5,2026-10-01T03:40:03.084966+00:00,"[{""gust"":4,""speed"":3,""location"":""A"",""direction"":""N11E""},{""gust"":9,""speed"":7,""location"":""B"",""direction"":""N55E""},{""gust"":5,""speed"":4,""location"":""C"",""direction"":""N28E""},{""gust"":1,""speed"":1,""location"":""D"",""direction"":""S33W""}]"
HV,11:37,32.9,33.3,27.8,71.3,1012.4,S89W,9,13,0,0,21.7,1.5,3.35,2026-10-01T03:40:03.084966+00:00,"[{""gust"":11,""speed"":10,""location"":""A"",""direction"":""S15W""},{""gust"":5,""speed"":4,""location"":""B"",""direction"":""S47W""},{""gust"":8,""speed"":7,""location"":""C"",""direction"":""N34W""},{""gust"":9,""speed"":6,""location"":""D"",""direction"":""S55E""}]"
HV,11:42,32.5,33.5,27.8,72.1,1012.3,S68W,10,15,0,0,21.7,1.5,3.43,2026-10-01T03:45:06.015783+00:00,"[{""gust"":14,""speed"":10,""location"":""A"",""direction"":""S8E""},{""gust"":4,""speed"":2,""location"":""B"",""direction"":""N31W""},{""gust"":7,""speed"":5,""location"":""C"",""direction"":""N59W""},{""gust"":9,""speed"":7,""location"":""D"",""direction"":""S83E""}]"
ST,11:42,34.2,34.2,26.3,65.1,1012.4,N21W,3,6,0,0,21.9,1.5,4.59,2026-10-01T03:45:06.015783+00:00,"[{""gust"":8,""speed"":8,""location"":""A"",""direction"":""N71E""},{""gust"":7,""speed"":5,""location"":""B"",""direction"":""N87E""},{""gust"":3,""speed"":2,""location"":""C"",""direction"":""N86E""},{""gust"":9,""speed"":7,""location"":""D"",""direction"":""N76E""}]"
HV,11:47,32.2,33.5,27.8,71.8,1012.3,N75E,9,14,0,0,21.6,1.8,3.52,2026-10-01T03:50:03.822334+00:00,"[{""gust"":10,""speed"":8,""location"":""A"",""direction"":""S15W""},{""gust"":6,""speed"":5,""location"":""B"",""direction"":""N76W""},{""gust"":11,""speed"":9,""location"":""C"",""direction"":""S79E""},{""gust"":7,""speed"":6,""location"":""D"",""direction"":""S66E""}]"
ST,11:47,33.9,34.2,26.3,67,1012.4,N29E,7,11,0,0,21.8,1.5,4.67,2026-10-01T03:50:03.822334+00:00,"[{""gust"":8,""speed"":6,""location"":""A"",""direction"":""N71E""},{""gust"":6,""speed"":5,""location"":""B"",""direction"":""N64E""},{""gust"":5,""speed"":5,""location"":""C"",""direction"":""S55E""},{""gust"":7,""speed"":4,""location"":""D"",""direction"":""N14E""}]"
HV,11:52,32.4,33.5,27.8,71.9,1012.2,S82E,6,11,0,0,21.5,1.8,3.6,2026-10-01T03:55:06.208916+00:00,"[{""gust"":7,""speed"":6,""location"":""A"",""direction"":""S4W""},{""gust"":9,""speed"":7,""location"":""B"",""direction"":""S71W""},{""gust"":4,""speed"":4,""location"":""C"",""direction"":""N39E""},{""gust"":5,""speed"":4,""location"":""D"",""direction"":""N70E""}]"
ST,11:52,34.3,34.5,26.3,66.8,1012.3,S82E,3,5,0,0,21.8,1.5,4.75,2026-10-01T03:55:06.208916+00:00,"[{""gust"":5,""speed"":3,""location"":""A"",""direction"":""N63E""},{""gust"":3,""speed"":3,""location"":""B"",""direction"":""N30E""},{""gust"":6,""speed"":5,""location"":""C"",""direction"":""N53E""},{""gust"":6,""speed"":4,""location"":""D"",""direction"":""N19W""}]"
ST,11:57,34.4,34.8,26.3,66.4,1012.2,N23W,3,5,0,0,21.8,1.8,4.84,2026-10-01T04:00:04.094423+00:00,"[{""gust"":3,""speed"":2,""location"":""A"",""direction"":""S61E""},{""gust"":4,""speed"":2,""location"":""B"",""direction"":""E""},{""gust"":7,""speed"":6,""location"":""C"",""direction"":""N46W""},{""gust"":7,""speed"":4,""location"":""D"",""direction"":""N9E""}]"
HV,11:57,32.9,33.5,27.8,71.6,1012.2,S55E,4,10,0,0,21.4,1.8,3.68,2026-10-01T04:00:04.094423+00:00,"[{""gust"":14,""speed"":9,""location"":""A"",""direction"":""S23W""},{""gust"":6,""speed"":5,""location"":""B"",""direction"":""N66W""},{""gust"":4,""speed"":2,""location"":""C"",""direction"":""S81E""},{""gust"":8,""speed"":6,""location"":""D"",""direction"":""S86E""}]"
ST,12:02,33.7,34.8,26.3,67,1012.1,N75E,2,4,0,0,21.7,1.8,4.92,2026-10-01T04:05:06.487664+00:00,"[{""gust"":5,""speed"":3,""location"":""A"",""direction"":""N80E""},{""gust"":4,""speed"":3,""location"":""B"",""direction"":""N80E""},{""gust"":5,""speed"":4,""location"":""C"",""direction"":""S29E""},{""gust"":2,""speed"":1,""location"":""D"",""direction"":""S85E""}]"
HV,12:02,33.1,33.5,27.8,69.9,1012.1,N30E,3,7,0,0,21.3,1.8,3.77,2026-10-01T04:05:06.487664+00:00,"[{""gust"":2,""speed"":1,""location"":""A"",""direction"":""S83W""},{""gust"":3,""speed"":1,""location"":""B"",""direction"":""N7W""},{""gust"":5,""speed"":4,""location"":""C"",""direction"":""S""},{""gust"":8,""speed"":6,""location"":""D"",""direction"":""S57E""}]"
HV,12:07,33.4,33.5,27.8,69.8,1011.9,S88W,4,6,0,0,21.2,1.8,3.85,2026-10-01T04:10:02.800802+00:00,"[{""gust"":6,""speed"":6,""location"":""A"",""direction"":""S61W""},{""gust"":6,""speed"":3,""location"":""B"",""direction"":""N13W""},{""gust"":8,""speed"":6,""location"":""C"",""direction"":""S12E""},{""gust"":6,""speed"":4,""location"":""D"",""direction"":""N61E""}]"
ST,12:07,33.3,34.8,26.3,67.8,1012.1,S83E,4,6,0,0,21.7,1.8,5,2026-10-01T04:10:02.800802+00:00,"[{""gust"":2,""speed"":2,""location"":""A"",""direction"":""N77E""},{""gust"":3,""speed"":3,""location"":""B"",""direction"":""S70W""},{""gust"":4,""speed"":4,""location"":""C"",""direction"":""S41E""},{""gust"":5,""speed"":4,""location"":""D"",""direction"":""S64E""}]"
ST,12:12,32.9,34.8,26.3,69.1,1012,S34E,3,4,0,0,21.7,1.8,5.09,2026-10-01T04:15:04.314876+00:00,"[{""gust"":4,""speed"":4,""location"":""A"",""direction"":""S20W""},{""gust"":3,""speed"":2,""location"":""B"",""direction"":""S23E""},{""gust"":7,""speed"":6,""location"":""C"",""direction"":""S53W""},{""gust"":2,""speed"":1,""location"":""D"",""direction"":""S47E""}]"
HV,12:12,33.2,33.5,27.8,70,1012,S25W,4,6,0,0,21.1,2,3.93,2026-10-01T04:15:04.314876+00:00,"[{""gust"":4,""speed"":3,""location"":""A"",""direction"":""N57E""},{""gust"":6,""speed"":5,""location"":""B"",""direction"":""S76W""},{""gust"":3,""speed"":2,""location"":""C"",""direction"":""S70W""},{""gust"":8,""speed"":6,""location"":""D"",""direction"":""S51E""}]"
HV,12:17,33.5,33.8,27.8,68.9,1011.8,N63W,3,6,0,0,21.1,2,4.02,2026-10-01T04:20:04.404493+00:00,"[{""gust"":7,""speed"":6,""location"":""A"",""direction"":""S2W""},{""gust"":5,""speed"":4,""location"":""B"",""direction"":""S88W""},{""gust"":4,""speed"":2,""location"":""C"",""direction"":""N13E""},{""gust"":4,""speed"":3,""location"":""D"",""direction"":""S26E""}]"
ST,12:17,32.6,34.8,26.3,74,1012,S7E,5,7,0,0,21.7,2,5.17,2026-10-01T04:20:04.404493+00:00,"[{""gust"":10,""speed"":9,""location"":""A"",""direction"":""S34W""},{""gust"":1,""speed"":1,""location"":""B"",""direction"":""S4E""},{""gust"":8,""speed"":5,""location"":""C"",""direction"":""S50W""},{""gust"":11,""speed"":10,""location"":""D"",""direction"":""S48W""}]"
HV,12:22,33.3,33.8,27.8,70.3,1011.8,N36E,5,8,0,0,21,2,4.1,2026-10-01T04:25:04.333219+00:00,"[{""gust"":14,""speed"":11,""location"":""A"",""direction"":""S21E""},{""gust"":4,""speed"":3,""location"":""B"",""direction"":""S64W""},{""gust"":3,""speed"":2,""location"":""C"",""direction"":""S68W""},{""gust"":14,""speed"":12,""location"":""D"",""direction"":""S55E""}]"
ST,12:22,32.5,34.8,26.3,73,1012.1,S38W,7,10,0,0,21.6,2,5.25,2026-10-01T04:25:04.333219+00:00,"[{""gust"":8,""speed"":7,""location"":""A"",""direction"":""S29W""},{""gust"":5,""speed"":4,""location"":""B"",""direction"":""S3E""},{""gust"":5,""speed"":4,""location"":""C"",""direction"":""S43W""},{""gust"":7,""speed"":6,""location"":""D"",""direction"":""S50W""}]"
HV,12:27,33.1,33.9,27.8,70.9,1011.7,S70W,7,11,0,0,20.9,2,4.18,2026-10-01T04:30:04.780225+00:00,"[{""gust"":6,""speed"":1,""location"":""A"",""direction"":""S85E""},{""gust"":5,""speed"":4,""location"":""B"",""direction"":""N59W""},{""gust"":3,""speed"":3,""location"":""C"",""direction"":""N5W""},{""gust"":9,""speed"":7,""location"":""D"",""direction"":""S48E""}]"
ST,12:27,32.5,34.8,26.3,74,1012,S3W,4,6,0,0,21.6,2,5.34,2026-10-01T04:30:04.780225+00:00,"[{""gust"":10,""speed"":9,""location"":""A"",""direction"":""S42W""},{""gust"":3,""speed"":2,""location"":""B"",""direction"":""S63W""},{""gust"":4,""speed"":3,""location"":""C"",""direction"":""S44W""},{""gust"":9,""speed"":8,""location"":""D"",""direction"":""S39W""}]"
ST,12:32,32.8,34.8,26.3,74.5,1011.8,S41W,7,9,0,0,21.5,2,5.42,2026-10-01T04:35:04.392097+00:00,"[{""gust"":7,""speed"":6,""location"":""A"",""direction"":""S4W""},{""gust"":3,""speed"":2,""location"":""B"",""direction"":""S9E""},{""gust"":5,""speed"":5,""location"":""C"",""direction"":""S9E""},{""gust"":5,""speed"":4,""location"":""D"",""direction"":""S14W""}]"
HV,12:32,32.5,33.9,27.8,72,1011.7,S76E,8,16,0,0,20.9,2,4.27,2026-10-01T04:35:04.392097+00:00,"[{""gust"":4,""speed"":2,""location"":""A"",""direction"":""S47E""},{""gust"":4,""speed"":3,""location"":""B"",""direction"":""N15W""},{""gust"":7,""speed"":5,""location"":""C"",""direction"":""N30E""},{""gust"":16,""speed"":11,""location"":""D"",""direction"":""S44E""}]"
ST,12:37,33,34.8,26.3,74.4,1011.8,S13W,7,12,0,0,21.5,2,5.5,2026-10-01T04:40:03.738491+00:00,"[{""gust"":9,""speed"":8,""location"":""A"",""direction"":""S6W""},{""gust"":9,""speed"":6,""location"":""B"",""direction"":""S61E""},{""gust"":6,""speed"":4,""location"":""C"",""direction"":""S50E""},{""gust"":4,""speed"":2,""location"":""D"",""direction"":""S65W""}]"
HV,12:37,33.5,33.9,27.8,70.5,1011.7,S76E,2,5,0,0,20.8,2,4.35,2026-10-01T04:40:03.738491+00:00,"[{""gust"":11,""speed"":10,""location"":""A"",""direction"":""S15W""},{""gust"":5,""speed"":1,""location"":""B"",""direction"":""N6E""},{""gust"":4,""speed"":1,""location"":""C"",""direction"":""N1E""},{""gust"":11,""speed"":8,""location"":""D"",""direction"":""S68E""}]"
ST,12:42,32.9,34.8,26.3,73,1011.7,S18E,6,8,0,0,21.5,2,5.59,2026-10-01T04:45:04.767338+00:00,"[{""gust"":8,""speed"":7,""location"":""A"",""direction"":""S45W""},{""gust"":10,""speed"":7,""location"":""B"",""direction"":""S42E""},{""gust"":6,""speed"":5,""location"":""C"",""direction"":""S14E""},{""gust"":11,""speed"":9,""location"":""D"",""direction"":""S45W""}]"
HV,12:42,33.9,33.9,27.8,70.1,1011.4,S3E,3,6,0,0,20.8,2.3,4.43,2026-10-01T04:45:04.767338+00:00,"[{""gust"":8,""speed"":7,""location"":""A"",""direction"":""S6W""},{""gust"":13,""speed"":8,""location"":""B"",""direction"":""S51W""},{""gust"":7,""speed"":5,""location"":""C"",""direction"":""N49W""},{""gust"":21,""speed"":16,""location"":""D"",""direction"":""S57E""}]"
HV,12:47,33.9,33.9,27.8,68.4,1011.5,N52E,2,3,0,0,20.7,2.3,4.52,2026-10-01T04:50:04.332064+00:00,"[{""gust"":7,""speed"":4,""location"":""A"",""direction"":""N78W""},{""gust"":7,""speed"":5,""location"":""B"",""direction"":""N81W""},{""gust"":2,""speed"":1,""location"":""C"",""direction"":""N84W""},{""gust"":8,""speed"":7,""location"":""D"",""direction"":""S58E""}]"
ST,12:47,33,34.8,26.3,75.5,1011.6,S12W,7,11,0,0,21.5,2,5.67,2026-10-01T04:50:04.332064+00:00,"[{""gust"":10,""speed"":9,""location"":""A"",""direction"":""S18W""},{""gust"":4,""speed"":3,""location"":""B"",""direction"":""S28E""},{""gust"":11,""speed"":10,""location"":""C"",""direction"":""S21E""},{""gust"":11,""speed"":10,""location"":""D"",""direction"":""S53W""}]"
ST,12:52,32.7,34.8,26.3,73.8,1011.4,S17W,7,10,0,0,21.4,2,5.75,2026-10-01T04:55:04.370377+00:00,"[{""gust"":9,""speed"":7,""location"":""A"",""direction"":""S67W""},{""gust"":2,""speed"":1,""location"":""B"",""direction"":""N45E""},{""gust"":5,""speed"":4,""location"":""C"",""direction"":""S6E""},{""gust"":10,""speed"":8,""location"":""D"",""direction"":""S49W""}]"
HV,12:52,33.4,33.9,27.8,70.3,1011.4,N71E,4,13,0,0,20.6,2.3,4.6,2026-10-01T04:55:04.370377+00:00,"[{""gust"":16,""speed"":12,""location"":""A"",""direction"":""S9W""},{""gust"":2,""speed"":1,""location"":""B"",""direction"":""S6E""},{""gust"":8,""speed"":5,""location"":""C"",""direction"":""S67W""},{""gust"":8,""speed"":6,""location"":""D"",""direction"":""N50E""}]"
ST,12:57,33,34.8,26.3,73.4,1011.3,S41W,6,9,0,0,21.4,2.3,5.84,2026-10-01T05:00:05.321923+00:00,"[{""gust"":9,""speed"":8,""location"":""A"",""direction"":""S18W""},{""gust"":6,""speed"":6,""location"":""B"",""direction"":""S76E""},{""gust"":6,""speed"":5,""location"":""C"",""direction"":""S49E""},{""gust"":10,""speed"":8,""location"":""D"",""direction"":""S42W""}]"
HV,12:57,33.8,34,27.8,68.6,1011.2,N73W,2,7,0,0,20.6,2.3,4.68,2026-10-01T05:00:05.321923+00:00,"[{""gust"":13,""speed"":8,""location"":""A"",""direction"":""S31W""},{""gust"":6,""speed"":5,""location"":""B"",""direction"":""S88W""},{""gust"":8,""speed"":6,""location"":""C"",""direction"":""N4E""},{""gust"":12,""speed"":9,""location"":""D"",""direction"":""S71E""}]"
ST,13:02,33.1,34.8,26.3,71.8,1011.1,S38W,6,8,0,0,21.4,2.3,5.92,2026-10-01T05:05:05.821891+00:00,"[{""gust"":7,""speed"":5,""location"":""A"",""direction"":""S65W""},{""gust"":4,""speed"":2,""location"":""B"",""direction"":""S3W""},{""gust"":4,""speed"":4,""location"":""C"",""direction"":""S18E""},{""gust"":12,""speed"":10,""location"":""D"",""direction"":""S42W""}]"
HV,13:02,33.1,34,27.8,70.9,1011.1,S76W,5,8,0,0,20.6,2.3,4.77,2026-10-01T05:05:05.821891+00:00,"[{""gust"":4,""speed"":3,""location"":""A"",""direction"":""N73E""},{""gust"":12,""speed"":8,""location"":""B"",""direction"":""S34W""},{""gust"":5,""speed"":4,""location"":""C"",""direction"":""N69E""},{""gust"":6,""speed"":3,""location"":""D"",""direction"":""N82E""}]"
HV,13:07,33.1,34,27.8,70.8,1011.1,N21E,3,7,0,0,20.6,2.5,4.85,2026-10-01T05:10:04.03078+00:00,"[{""gust"":14,""speed"":12,""location"":""A"",""direction"":""S12W""},{""gust"":3,""speed"":1,""location"":""B"",""direction"":""S64W""},{""gust"":9,""speed"":5,""location"":""C"",""direction"":""N72E""},{""gust"":15,""speed"":9,""location"":""D"",""direction"":""S80E""}]"
ST,13:07,33,34.8,26.3,72.3,1011.1,S48W,6,11,0,0,21.4,2.3,6,2026-10-01T05:10:04.03078+00:00,"[{""gust"":2,""speed"":1,""location"":""A"",""direction"":""N25W""},{""gust"":3,""speed"":2,""location"":""B"",""direction"":""S57E""},{""gust"":12,""speed"":9,""location"":""C"",""direction"":""S56E""},{""gust"":8,""speed"":5,""location"":""D"",""direction"":""S39W""}]"
HV,13:12,33.1,34,27.8,71.1,1011,S67W,4,8,0,0,20.5,2.5,4.93,2026-10-01T05:15:04.607999+00:00,"[{""gust"":10,""speed"":8,""location"":""A"",""direction"":""S10E""},{""gust"":4,""speed"":2,""location"":""B"",""direction"":""N30E""},{""gust"":6,""speed"":5,""location"":""C"",""direction"":""S80E""},{""gust"":8,""speed"":6,""location"":""D"",""direction"":""S72E""}]"
ST,13:12,33.3,34.8,26.3,70.9,1011,S61W,4,7,0,0,21.3,2.3,6.09,2026-10-01T05:15:04.607999+00:00,"[{""gust"":6,""speed"":6,""location"":""A"",""direction"":""S20W""},{""gust"":4,""speed"":3,""location"":""B"",""direction"":""S18E""},{""gust"":8,""speed"":7,""location"":""C"",""direction"":""S13E""},{""gust"":4,""speed"":2,""location"":""D"",""direction"":""S27W""}]"
ST,13:17,33.5,34.8,26.3,72.9,1010.8,S17E,6,8,0,0,21.3,2.5,6.17,2026-10-01T05:20:03.158274+00:00,"[{""gust"":7,""speed"":6,""location"":""A"",""direction"":""S67W""},{""gust"":4,""speed"":3,""location"":""B"",""direction"":""S72E""},{""gust"":3,""speed"":2,""location"":""C"",""direction"":""S12E""},{""gust"":7,""speed"":6,""location"":""D"",""direction"":""S15W""}]"
HV,13:17,33.4,34,27.8,69.9,1011,S74W,7,15,0,0,20.4,2.5,5.02,2026-10-01T05:20:03.158274+00:00,"[{""gust"":6,""speed"":4,""location"":""A"",""direction"":""S52W""},{""gust"":3,""speed"":1,""location"":""B"",""direction"":""S23W""},{""gust"":7,""speed"":5,""location"":""C"",""direction"":""N47E""},{""gust"":8,""speed"":7,""location"":""D"",""direction"":""S71E""}]"
ST,13:22,33.4,34.8,26.3,70.9,1010.9,S48W,7,10,0,0,21.3,2.5,6.25,2026-10-01T05:25:06.038239+00:00,"[{""gust"":6,""speed"":4,""location"":""A"",""direction"":""S2E""},{""gust"":1,""speed"":1,""location"":""B"",""direction"":""N74W""},{""gust"":5,""speed"":4,""location"":""C"",""direction"":""S25E""},{""gust"":9,""speed"":6,""location"":""D"",""direction"":""S69W""}]"
HV,13:22,32.8,34,27.8,72,1010.9,S83W,8,13,0,0,20.4,2.5,5.1,2026-10-01T05:25:06.038239+00:00,"[{""gust"":11,""speed"":5,""location"":""A"",""direction"":""S33E""},{""gust"":8,""speed"":7,""location"":""B"",""direction"":""N78W""},{""gust"":7,""speed"":6,""location"":""C"",""direction"":""N18W""},{""gust"":8,""speed"":6,""location"":""D"",""direction"":""N51E""}]"
HV,13:27,33.2,34,27.8,71,1010.8,N85W,7,16,0,0,20.3,2.5,5.18,2026-10-01T05:30:04.2411+00:00,"[{""gust"":5,""speed"":4,""location"":""A"",""direction"":""S4W""},{""gust"":7,""speed"":6,""location"":""B"",""direction"":""N48W""},{""gust"":11,""speed"":9,""location"":""C"",""direction"":""S86W""},{""gust"":8,""speed"":6,""location"":""D"",""direction"":""N57E""}]"
ST,13:27,33.5,34.8,26.3,70.6,1010.8,S53W,5,7,0,0,21.2,2.5,6.34,2026-10-01T05:30:04.2411+00:00,"[{""gust"":4,""speed"":2,""location"":""A"",""direction"":""S14W""},{""gust"":4,""speed"":2,""location"":""B"",""direction"":""N50W""},{""gust"":6,""speed"":5,""location"":""C"",""direction"":""S25E""},{""gust"":9,""speed"":8,""location"":""D"",""direction"":""S52W""}]"
HV,13:32,33.2,34,27.8,71.7,1010.7,S57W,7,12,0,0,20.4,2.8,5.27,2026-10-01T05:35:15.33114+00:00,"[{""gust"":11,""speed"":10,""location"":""A"",""direction"":""S24W""},{""gust"":11,""speed"":8,""location"":""B"",""direction"":""S64W""},{""gust"":9,""speed"":6,""location"":""C"",""direction"":""S81W""},{""gust"":5,""speed"":4,""location"":""D"",""direction"":""S63E""}]"
ST,13:28,33.3,34.8,26.3,70.2,1010.8,S33W,4,6,0,0,21.2,2.5,6.35,2026-10-01T05:35:15.33114+00:00,"[{""gust"":9,""speed"":9,""location"":""A"",""direction"":""S62W""},{""gust"":2,""speed"":1,""location"":""B"",""direction"":""S31W""},{""gust"":8,""speed"":6,""location"":""C"",""direction"":""S37E""},{""gust"":6,""speed"":4,""location"":""D"",""direction"":""S42W""}]"
ST,13:37,33.6,34.8,26.3,72.6,1010.8,S47W,4,8,0,0,21.2,2.8,6.5,2026-10-01T05:40:05.362034+00:00,"[{""gust"":9,""speed"":8,""location"":""A"",""direction"":""S42W""},{""gust"":4,""speed"":3,""location"":""B"",""direction"":""S16E""},{""gust"":7,""speed"":6,""location"":""C"",""direction"":""S23E""},{""gust"":7,""speed"":5,""location"":""D"",""direction"":""S15W""}]"
HV,13:37,33.2,34,27.8,70.2,1010.7,N55W,4,7,0,0,20.3,2.8,5.35,2026-10-01T05:40:05.362034+00:00,"[{""gust"":5,""speed"":3,""location"":""A"",""direction"":""S89E""},{""gust"":6,""speed"":5,""location"":""B"",""direction"":""N25W""},{""gust"":6,""speed"":5,""location"":""C"",""direction"":""N50W""},{""gust"":5,""speed"":3,""location"":""D"",""direction"":""N88E""}]"
ST,13:42,33.3,34.8,26.3,72.6,1010.6,S13W,7,11,0,0,21.2,2.8,6.59,2026-10-01T05:45:14.796352+00:00,"[{""gust"":7,""speed"":7,""location"":""A"",""direction"":""S23W""},{""gust"":4,""speed"":3,""location"":""B"",""direction"":""S84W""},{""gust"":9,""speed"":5,""location"":""C"",""direction"":""S10W""},{""gust"":8,""speed"":7,""location"":""D"",""direction"":""S37W""}]"
HV,13:42,33.5,34,27.8,69.5,1010.6,N22E,3,8,0,0,20.3,2.8,5.43,2026-10-01T05:45:14.796352+00:00,"[{""gust"":12,""speed"":7,""location"":""A"",""direction"":""S12E""},{""gust"":3,""speed"":3,""location"":""B"",""direction"":""W""},{""gust"":4,""speed"":2,""location"":""C"",""direction"":""N40E""},{""gust"":10,""speed"":8,""location"":""D"",""direction"":""S46E""}]"
HV,13:47,33.3,34.1,27.8,69,1010.5,S76E,3,11,0,0,20.2,2.8,5.52,2026-10-01T05:50:04.350496+00:00,"[{""gust"":17,""speed"":14,""location"":""A"",""direction"":""S25W""},{""gust"":8,""speed"":7,""location"":""B"",""direction"":""S60W""},{""gust"":5,""speed"":4,""location"":""C"",""direction"":""S39E""},{""gust"":9,""speed"":5,""location"":""D"",""direction"":""N65E""}]"
ST,13:47,32.8,34.8,26.3,73.5,1010.6,S8W,6,10,0,0,21.2,2.8,6.67,2026-10-01T05:50:04.350496+00:00,"[{""gust"":6,""speed"":5,""location"":""A"",""direction"":""S32W""},{""gust"":2,""speed"":1,""location"":""B"",""direction"":""S44E""},{""gust"":8,""speed"":7,""location"":""C"",""direction"":""S7E""},{""gust"":14,""speed"":12,""location"":""D"",""direction"":""S29W""}]"
ST,13:52,33.5,34.8,26.3,73.6,1010.5,S13W,7,10,0,0,21.2,2.8,6.75,2026-10-01T05:55:03.416019+00:00,"[{""gust"":13,""speed"":10,""location"":""A"",""direction"":""S44W""},{""gust"":5,""speed"":2,""location"":""B"",""direction"":""S18E""},{""gust"":9,""speed"":5,""location"":""C"",""direction"":""S15E""},{""gust"":10,""speed"":9,""location"":""D"",""direction"":""S46W""}]"
HV,13:52,33.3,34.1,27.8,69.7,1010.5,S69W,7,15,0,0,20.2,2.8,5.6,2026-10-01T05:55:03.416019+00:00,"[{""gust"":8,""speed"":7,""location"":""A"",""direction"":""S18W""},{""gust"":5,""speed"":4,""location"":""B"",""direction"":""N26W""},{""gust"":16,""speed"":11,""location"":""C"",""direction"":""S86W""},{""gust"":13,""speed"":10,""location"":""D"",""direction"":""S62E""}]"
HV,13:56,33.3,34.1,27.8,69,1010.5,S63W,5,10,0,0,20.1,3,5.67,2026-10-01T06:00:06.800134+00:00,"[{""gust"":11,""speed"":9,""location"":""A"",""direction"":""S14W""},{""gust"":12,""speed"":7,""location"":""B"",""direction"":""N84W""},{""gust"":7,""speed"":5,""location"":""C"",""direction"":""N88E""},{""gust"":12,""speed"":11,""location"":""D"",""direction"":""S49E""}]"
ST,13:56,33.5,34.8,26.3,73.6,1010.4,S15W,7,13,0,0,21.1,3,6.82,2026-10-01T06:00:06.800134+00:00,"[{""gust"":18,""speed"":15,""location"":""A"",""direction"":""S13W""},{""gust"":4,""speed"":3,""location"":""B"",""direction"":""S41E""},{""gust"":9,""speed"":7,""location"":""C"",""direction"":""S18E""},{""gust"":21,""speed"":17,""location"":""D"",""direction"":""S43W""}]"
HV,14:02,33.2,34.1,27.8,69.5,1010.4,N67W,9,15,0,0,20.1,3,5.77,2026-10-01T06:05:03.883139+00:00,"[{""gust"":7,""speed"":6,""location"":""A"",""direction"":""S17W""},{""gust"":5,""speed"":3,""location"":""B"",""direction"":""N19W""},{""gust"":6,""speed"":3,""location"":""C"",""direction"":""S27W""},{""gust"":5,""speed"":1,""location"":""D"",""direction"":""S21E""}]"
ST,14:03,33.2,34.8,26.3,73,1010.3,S11W,10,15,0,0,21.1,3,6.94,2026-10-01T06:05:03.883139+00:00,"[{""gust"":18,""speed"":13,""location"":""A"",""direction"":""S48W""},{""gust"":5,""speed"":4,""location"":""B"",""direction"":""S12E""},{""gust"":14,""speed"":9,""location"":""C"",""direction"":""S46W""},{""gust"":15,""speed"":14,""location"":""D"",""direction"":""S38W""}]"
HV,14:07,33.1,34.1,27.8,69.2,1010.3,S73W,5,14,0,0,20.1,3,5.85,2026-10-01T06:10:02.822184+00:00,"[{""gust"":10,""speed"":9,""location"":""A"",""direction"":""S6E""},{""gust"":7,""speed"":4,""location"":""B"",""direction"":""N66E""},{""gust"":8,""speed"":5,""location"":""C"",""direction"":""N28W""},{""gust"":11,""speed"":9,""location"":""D"",""direction"":""S61E""}]"
ST,14:07,33.6,34.8,26.3,71.9,1010.3,S51W,6,11,0,0,21.1,3,7,2026-10-01T06:10:02.822184+00:00,"[{""gust"":13,""speed"":12,""location"":""A"",""direction"":""S29W""},{""gust"":6,""speed"":4,""location"":""B"",""direction"":""S10E""},{""gust"":16,""speed"":9,""location"":""C"",""direction"":""S43W""},{""gust"":13,""speed"":12,""location"":""D"",""direction"":""S22W""}]"
ST,14:12,33.5,34.8,26.3,72.2,1010.2,S39W,8,14,0,0,21,3,7.09,2026-10-01T06:15:05.528865+00:00,"[{""gust"":13,""speed"":11,""location"":""A"",""direction"":""S20W""},{""gust"":5,""speed"":4,""location"":""B"",""direction"":""S4E""},{""gust"":10,""speed"":8,""location"":""C"",""direction"":""S2E""},{""gust"":14,""speed"":11,""location"":""D"",""direction"":""S21W""}]"
HV,14:12,32.9,34.1,27.8,71.4,1010.2,N46E,4,6,0,0,20.1,3,5.93,2026-10-01T06:15:05.528865+00:00,"[{""gust"":12,""speed"":8,""location"":""A"",""direction"":""S15W""},{""gust"":5,""speed"":4,""location"":""B"",""direction"":""S48W""},{""gust"":9,""speed"":6,""location"":""C"",""direction"":""S78E""},{""gust"":9,""speed"":6,""location"":""D"",""direction"":""S59E""}]"
ST,14:17,33.9,34.8,26.3,73.1,1010.2,S20W,8,12,0,0,21,3.3,7.17,2026-10-01T06:20:04.911713+00:00,"[{""gust"":14,""speed"":13,""location"":""A"",""direction"":""S51W""},{""gust"":5,""speed"":3,""location"":""B"",""direction"":""S23W""},{""gust"":10,""speed"":8,""location"":""C"",""direction"":""S26E""},{""gust"":19,""speed"":17,""location"":""D"",""direction"":""S48W""}]"
HV,14:17,33.7,34.1,27.8,69.7,1010.1,N32W,3,8,0,0,20.1,3.3,6.02,2026-10-01T06:20:04.911713+00:00,"[{""gust"":12,""speed"":10,""location"":""A"",""direction"":""S6W""},{""gust"":4,""speed"":2,""location"":""B"",""direction"":""N14E""},{""gust"":2,""speed"":1,""location"":""C"",""direction"":""S79E""},{""gust"":9,""speed"":5,""location"":""D"",""direction"":""S74E""}]"
ST,14:22,33.9,34.8,26.3,73.3,1010.3,S24W,7,10,0,0,21,3.3,7.25,2026-10-01T06:25:03.500357+00:00,"[{""gust"":13,""speed"":12,""location"":""A"",""direction"":""S54W""},{""gust"":6,""speed"":4,""location"":""B"",""direction"":""S9E""},{""gust"":13,""speed"":10,""location"":""C"",""direction"":""S42W""},{""gust"":14,""speed"":13,""location"":""D"",""direction"":""S25W""}]"
HV,14:22,32.9,34.1,27.8,71.8,1010.1,S29E,6,12,0,0,20,3.3,6.1,2026-10-01T06:25:03.500357+00:00,"[{""gust"":4,""speed"":2,""location"":""A"",""direction"":""N2W""},{""gust"":9,""speed"":7,""location"":""B"",""direction"":""N55W""},{""gust"":3,""speed"":1,""location"":""C"",""direction"":""S""},{""gust"":4,""speed"":3,""location"":""D"",""direction"":""S85E""}]"
HV,14:27,32.9,34.1,27.8,72.1,1010.1,S36E,2,12,0,0,20,3.3,6.18,2026-10-01T06:30:04.117688+00:00,"[{""gust"":15,""speed"":13,""location"":""A"",""direction"":""S10E""},{""gust"":4,""speed"":3,""location"":""B"",""direction"":""S7W""},{""gust"":13,""speed"":11,""location"":""C"",""direction"":""N88E""},{""gust"":11,""speed"":5,""location"":""D"",""direction"":""S60E""}]"
ST,14:27,33.4,34.8,26.3,73.4,1010.1,S12W,10,14,0,0,20.9,3.3,7.34,2026-10-01T06:30:04.117688+00:00,"[{""gust"":13,""speed"":11,""location"":""A"",""direction"":""S20W""},{""gust"":7,""speed"":5,""location"":""B"",""direction"":""S""},{""gust"":15,""speed"":12,""location"":""C"",""direction"":""S19E""},{""gust"":15,""speed"":13,""location"":""D"",""direction"":""S26W""}]"
ST,14:32,33.3,34.8,26.3,71.1,1010.1,S27W,7,12,0,0,20.9,3.3,7.42,2026-10-01T06:35:04.757253+00:00,"[{""gust"":12,""speed"":9,""location"":""A"",""direction"":""S36W""},{""gust"":5,""speed"":4,""location"":""B"",""direction"":""S11E""},{""gust"":15,""speed"":13,""location"":""C"",""direction"":""S3W""},{""gust"":12,""speed"":10,""location"":""D"",""direction"":""S37W""}]"
HV,14:32,32.3,34.1,27.8,73.5,1010.2,N67E,11,16,0,0,20,3.3,6.27,2026-10-01T06:35:04.757253+00:00,"[{""gust"":5,""speed"":3,""location"":""A"",""direction"":""S54E""},{""gust"":3,""speed"":2,""location"":""B"",""direction"":""S51E""},{""gust"":7,""speed"":5,""location"":""C"",""direction"":""N45E""},{""gust"":11,""speed"":7,""location"":""D"",""direction"":""S87E""}]"
HV,14:37,33.1,34.1,27.8,71.3,1010.1,N5W,5,9,0,0,19.9,3.6,6.35,2026-10-01T06:40:03.97441+00:00,"[{""gust"":12,""speed"":10,""location"":""A"",""direction"":""S28W""},{""gust"":8,""speed"":7,""location"":""B"",""direction"":""N62W""},{""gust"":5,""speed"":4,""location"":""C"",""direction"":""N35E""},{""gust"":7,""speed"":5,""location"":""D"",""direction"":""N77E""}]"
ST,14:37,33.7,34.8,26.3,72.8,1010.1,S29W,7,11,0,0,20.9,3.6,7.5,2026-10-01T06:40:03.97441+00:00,"[{""gust"":13,""speed"":12,""location"":""A"",""direction"":""S16W""},{""gust"":5,""speed"":3,""location"":""B"",""direction"":""S12E""},{""gust"":9,""speed"":6,""location"":""C"",""direction"":""S16W""},{""gust"":17,""speed"":15,""location"":""D"",""direction"":""S47W""}]"
ST,14:42,33.4,34.8,26.3,72.5,1010,S31W,8,12,0,0,20.8,3.6,7.59,2026-10-01T06:45:04.215032+00:00,"[{""gust"":18,""speed"":13,""location"":""A"",""direction"":""S31W""},{""gust"":4,""speed"":3,""location"":""B"",""direction"":""S22E""},{""gust"":10,""speed"":8,""location"":""C"",""direction"":""S38W""},{""gust"":17,""speed"":15,""location"":""D"",""direction"":""S40W""}]"
HV,14:42,33.5,34.1,27.8,70.3,1010.2,N76W,7,11,0,0,19.9,3.6,6.43,2026-10-01T06:45:04.215032+00:00,"[{""gust"":15,""speed"":13,""location"":""A"",""direction"":""S8E""},{""gust"":8,""speed"":6,""location"":""B"",""direction"":""N50W""},{""gust"":7,""speed"":5,""location"":""C"",""direction"":""N71W""},{""gust"":4,""speed"":2,""location"":""D"",""direction"":""N66E""}]"
HV,14:47,33.9,34.1,27.8,68.6,1010.1,N89W,4,9,0,0,19.9,3.6,6.52,2026-10-01T06:50:22.003852+00:00,"[{""gust"":16,""speed"":13,""location"":""A"",""direction"":""S30W""},{""gust"":7,""speed"":4,""location"":""B"",""direction"":""S68E""},{""gust"":8,""speed"":6,""location"":""C"",""direction"":""N68W""},{""gust"":7,""speed"":5,""location"":""D"",""direction"":""N89E""}]"
ST,14:47,33.1,34.8,26.3,74.4,1009.9,S20W,10,14,0,0,20.8,3.6,7.67,2026-10-01T06:50:22.003852+00:00,"[{""gust"":11,""speed"":10,""location"":""A"",""direction"":""S31W""},{""gust"":6,""speed"":4,""location"":""B"",""direction"":""S25E""},{""gust"":16,""speed"":14,""location"":""C"",""direction"":""S51W""},{""gust"":16,""speed"":14,""location"":""D"",""direction"":""S20W""}]"
HV,14:52,33.7,34.1,27.8,68.9,1010,N76W,2,7,0,0,19.8,3.6,6.6,2026-10-01T06:55:04.38328+00:00,"[{""gust"":15,""speed"":12,""location"":""A"",""direction"":""S""},{""gust"":3,""speed"":1,""location"":""B"",""direction"":""N13E""},{""gust"":5,""speed"":3,""location"":""C"",""direction"":""S84W""},{""gust"":10,""speed"":7,""location"":""D"",""direction"":""S69E""}]"
ST,14:52,33.5,34.8,26.3,74.3,1010,S34W,6,9,0,0,20.7,3.6,7.75,2026-10-01T06:55:04.38328+00:00,"[{""gust"":18,""speed"":15,""location"":""A"",""direction"":""S28W""},{""gust"":8,""speed"":6,""location"":""B"",""direction"":""S64W""},{""gust"":16,""speed"":9,""location"":""C"",""direction"":""S40W""},{""gust"":19,""speed"":17,""location"":""D"",""direction"":""S45W""}]"
ST,14:57,33.3,34.8,26.3,71.7,1009.9,S24W,8,13,0,0,20.7,3.6,7.84,2026-10-01T07:00:05.789955+00:00,"[{""gust"":16,""speed"":14,""location"":""A"",""direction"":""S36W""},{""gust"":6,""speed"":4,""location"":""B"",""direction"":""S8E""},{""gust"":11,""speed"":7,""location"":""C"",""direction"":""S35W""},{""gust"":19,""speed"":16,""location"":""D"",""direction"":""S39W""}]"
HV,14:57,33.6,34.2,27.8,68.4,1009.9,N60W,3,6,0,0,19.9,3.6,6.68,2026-10-01T07:00:05.789955+00:00,"[{""gust"":14,""speed"":8,""location"":""A"",""direction"":""S4W""},{""gust"":7,""speed"":4,""location"":""B"",""direction"":""N29E""},{""gust"":5,""speed"":3,""location"":""C"",""direction"":""N82W""},{""gust"":7,""speed"":3,""location"":""D"",""direction"":""S49E""}]"
ST,15:03,33.2,34.8,26.3,72.6,1009.9,S18W,10,13,0,0,20.7,3.8,7.94,2026-10-01T07:05:04.037692+00:00,"[{""gust"":19,""speed"":15,""location"":""A"",""direction"":""S41W""},{""gust"":7,""speed"":4,""location"":""B"",""direction"":""S19W""},{""gust"":9,""speed"":6,""location"":""C"",""direction"":""S19E""},{""gust"":15,""speed"":13,""location"":""D"",""direction"":""S41W""}]"
HV,15:03,33.1,34.2,27.8,69.6,1009.8,N26E,5,8,0,0,19.9,3.8,6.78,2026-10-01T07:05:04.037692+00:00,"[{""gust"":9,""speed"":8,""location"":""A"",""direction"":""S5W""},{""gust"":2,""speed"":2,""location"":""B"",""direction"":""S67W""},{""gust"":9,""speed"":6,""location"":""C"",""direction"":""N89W""},{""gust"":10,""speed"":8,""location"":""D"",""direction"":""S55E""}]"
ST,15:07,33.2,34.8,26.3,72.9,1009.7,S16W,9,17,0,0,20.7,3.8,8,2026-10-01T07:10:03.512884+00:00,"[{""gust"":17,""speed"":12,""location"":""A"",""direction"":""S30W""},{""gust"":5,""speed"":4,""location"":""B"",""direction"":""S21E""},{""gust"":13,""speed"":8,""location"":""C"",""direction"":""S54W""},{""gust"":18,""speed"":15,""location"":""D"",""direction"":""S35W""}]"
HV,15:07,32.9,34.2,27.8,70.7,1009.8,S81W,10,15,0,0,19.8,3.8,6.85,2026-10-01T07:10:03.512884+00:00,"[{""gust"":12,""speed"":10,""location"":""A"",""direction"":""S21W""},{""gust"":7,""speed"":6,""location"":""B"",""direction"":""S74W""},{""gust"":8,""speed"":6,""location"":""C"",""direction"":""S74W""},{""gust"":7,""speed"":6,""location"":""D"",""direction"":""N74E""}]"
HV,15:13,32.6,34.2,27.8,71.5,1009.8,S60W,10,14,0,0,19.8,3.8,6.95,2026-10-01T07:15:04.558531+00:00,"[{""gust"":9,""speed"":6,""location"":""A"",""direction"":""S87W""},{""gust"":4,""speed"":1,""location"":""B"",""direction"":""N82W""},{""gust"":13,""speed"":12,""location"":""C"",""direction"":""S76W""},{""gust"":7,""speed"":5,""location"":""D"",""direction"":""S34E""}]"
ST,15:13,33.3,34.8,26.3,72.5,1009.6,S16W,9,13,0,0,20.6,3.8,8.1,2026-10-01T07:15:04.558531+00:00,"[{""gust"":14,""speed"":12,""location"":""A"",""direction"":""S44W""},{""gust"":5,""speed"":4,""location"":""B"",""direction"":""S2E""},{""gust"":11,""speed"":10,""location"":""C"",""direction"":""S54W""},{""gust"":15,""speed"":13,""location"":""D"",""direction"":""S34W""}]"
HV,15:17,32.6,34.2,27.8,70.1,1009.6,S66W,7,12,0,0,19.8,3.8,7.02,2026-10-01T07:20:05.148532+00:00,"[{""gust"":15,""speed"":11,""location"":""A"",""direction"":""W""},{""gust"":3,""speed"":2,""location"":""B"",""direction"":""N63E""},{""gust"":8,""speed"":6,""location"":""C"",""direction"":""N71W""},{""gust"":5,""speed"":4,""location"":""D"",""direction"":""S70E""}]"
ST,15:17,33.1,34.8,26.3,73.3,1009.6,S21W,10,17,0,0,20.7,3.8,8.17,2026-10-01T07:20:05.148532+00:00,"[{""gust"":16,""speed"":14,""location"":""A"",""direction"":""S33W""},{""gust"":8,""speed"":4,""location"":""B"",""direction"":""S51W""},{""gust"":14,""speed"":8,""location"":""C"",""direction"":""S25W""},{""gust"":18,""speed"":16,""location"":""D"",""direction"":""S38W""}]"
ST,15:21,32.8,34.8,26.3,73.6,1009.6,S38W,13,17,0,0,20.6,4.1,8.24,2026-10-01T07:25:04.466294+00:00,"[{""gust"":19,""speed"":17,""location"":""A"",""direction"":""S63W""},{""gust"":6,""speed"":4,""location"":""B"",""direction"":""S47W""},{""gust"":19,""speed"":11,""location"":""C"",""direction"":""S5W""},{""gust"":16,""speed"":15,""location"":""D"",""direction"":""S50W""}]"
HV,15:21,32.3,34.2,27.8,71.8,1009.5,S82W,11,19,0,0,19.8,4.1,7.08,2026-10-01T07:25:04.466294+00:00,"[{""gust"":0,""speed"":0,""location"":""A"",""direction"":null},{""gust"":5,""speed"":3,""location"":""B"",""direction"":""N15W""},{""gust"":12,""speed"":11,""location"":""C"",""direction"":""N69W""},{""gust"":6,""speed"":3,""location"":""D"",""direction"":""N50E""}]"
HV,15:26,32.9,34.2,27.8,71.7,1009.6,N65E,3,9,0,0,19.8,4.1,7.17,2026-10-01T07:30:04.215385+00:00,"[{""gust"":15,""speed"":12,""location"":""A"",""direction"":""S6W""},{""gust"":8,""speed"":4,""location"":""B"",""direction"":""S75W""},{""gust"":7,""speed"":4,""location"":""C"",""direction"":""N60W""},{""gust"":16,""speed"":12,""location"":""D"",""direction"":""S39E""}]"
ST,15:26,32.8,34.8,26.3,72.7,1009.5,S47W,10,17,0,0,20.6,4.1,8.32,2026-10-01T07:30:04.215385+00:00,"[{""gust"":19,""speed"":18,""location"":""A"",""direction"":""S39W""},{""gust"":8,""speed"":5,""location"":""B"",""direction"":""S18W""},{""gust"":7,""speed"":4,""location"":""C"",""direction"":""S""},{""gust"":13,""speed"":12,""location"":""D"",""direction"":""S41W""}]"
ST,15:31,33,34.8,26.3,72.9,1009.5,S23W,9,13,0,0,20.5,4.1,8.4,2026-10-01T07:35:03.968432+00:00,"[{""gust"":17,""speed"":16,""location"":""A"",""direction"":""S52W""},{""gust"":6,""speed"":2,""location"":""B"",""direction"":""S21E""},{""gust"":10,""speed"":6,""location"":""C"",""direction"":""S8W""},{""gust"":23,""speed"":19,""location"":""D"",""direction"":""S41W""}]"
HV,15:31,33.3,34.2,27.8,69.4,1009.5,N68W,2,6,0,0,19.7,4.1,7.25,2026-10-01T07:35:03.968432+00:00,"[{""gust"":11,""speed"":9,""location"":""A"",""direction"":""S23W""},{""gust"":5,""speed"":3,""location"":""B"",""direction"":""N10W""},{""gust"":5,""speed"":4,""location"":""C"",""direction"":""N55E""},{""gust"":5,""speed"":4,""location"":""D"",""direction"":""N40E""}]"
HV,15:37,32.6,34.2,27.8,71.1,1009.5,N51E,3,7,0,0,19.7,4.1,7.35,2026-10-01T07:40:03.221742+00:00,"[{""gust"":13,""speed"":10,""location"":""A"",""direction"":""S9W""},{""gust"":3,""speed"":3,""location"":""B"",""direction"":""S21W""},{""gust"":4,""speed"":2,""location"":""C"",""direction"":""N48E""},{""gust"":14,""speed"":10,""location"":""D"",""direction"":""S42E""}]"
ST,15:37,33,34.8,26.3,72.8,1009.5,S31W,10,15,0,0,20.5,4.1,8.5,2026-10-01T07:40:03.221742+00:00,"[{""gust"":15,""speed"":13,""location"":""A"",""direction"":""S58W""},{""gust"":11,""speed"":6,""location"":""B"",""direction"":""S41W""},{""gust"":9,""speed"":8,""location"":""C"",""direction"":""S67W""},{""gust"":16,""speed"":15,""location"":""D"",""direction"":""S45W""}]"
ST,15:42,32.9,34.8,26.3,72.6,1009.7,S43W,10,15,0,0,20.5,4.3,8.59,2026-10-01T07:45:03.963816+00:00,"[{""gust"":16,""speed"":14,""location"":""A"",""direction"":""S53W""},{""gust"":2,""speed"":0,""location"":""B"",""direction"":""S64E""},{""gust"":12,""speed"":6,""location"":""C"",""direction"":""S31W""},{""gust"":15,""speed"":15,""location"":""D"",""direction"":""S43W""}]"
HV,15:42,32.8,34.2,27.8,73,1009.6,S72E,3,8,0,0,19.7,4.1,7.43,2026-10-01T07:45:03.963816+00:00,"[{""gust"":5,""speed"":3,""location"":""A"",""direction"":""S14W""},{""gust"":6,""speed"":5,""location"":""B"",""direction"":""N82W""},{""gust"":6,""speed"":5,""location"":""C"",""direction"":""S76W""},{""gust"":9,""speed"":8,""location"":""D"",""direction"":""S63E""}]"
ST,15:47,32.9,34.8,26.3,72.2,1009.6,S51W,8,11,0,0,20.4,4.3,8.67,2026-10-01T07:50:03.144113+00:00,"[{""gust"":17,""speed"":14,""location"":""A"",""direction"":""S41W""},{""gust"":7,""speed"":5,""location"":""B"",""direction"":""S6W""},{""gust"":15,""speed"":11,""location"":""C"",""direction"":""S5W""},{""gust"":13,""speed"":11,""location"":""D"",""direction"":""S48W""}]"
HV,15:47,32.6,34.2,27.8,72.4,1009.7,S56W,4,13,0,0,19.7,4.3,7.52,2026-10-01T07:50:03.144113+00:00,"[{""gust"":12,""speed"":7,""location"":""A"",""direction"":""S10E""},{""gust"":10,""speed"":7,""location"":""B"",""direction"":""N39W""},{""gust"":5,""speed"":4,""location"":""C"",""direction"":""N40W""},{""gust"":19,""speed"":14,""location"":""D"",""direction"":""S46E""}]"
HV,15:52,32.8,34.2,27.8,71.9,1009.7,S33W,3,8,0,0,19.7,4.3,7.6,2026-10-01T07:55:05.144099+00:00,"[{""gust"":7,""speed"":4,""location"":""A"",""direction"":""S53E""},{""gust"":10,""speed"":7,""location"":""B"",""direction"":""N38W""},{""gust"":12,""speed"":10,""location"":""C"",""direction"":""N52W""},{""gust"":18,""speed"":13,""location"":""D"",""direction"":""S39E""}]"
ST,15:52,32.7,34.8,26.3,73.6,1009.6,S16W,11,18,0,0,20.4,4.3,8.75,2026-10-01T07:55:05.144099+00:00,"[{""gust"":22,""speed"":21,""location"":""A"",""direction"":""S38W""},{""gust"":11,""speed"":8,""location"":""B"",""direction"":""S13W""},{""gust"":13,""speed"":9,""location"":""C"",""direction"":""S10W""},{""gust"":23,""speed"":17,""location"":""D"",""direction"":""S38W""}]"
HV,15:57,32.1,34.2,27.8,73.7,1009.6,N61E,5,10,0,0,19.7,4.3,7.68,2026-10-01T08:00:02.8422+00:00,"[{""gust"":9,""speed"":8,""location"":""A"",""direction"":""S19W""},{""gust"":4,""speed"":2,""location"":""B"",""direction"":""S72W""},{""gust"":3,""speed"":3,""location"":""C"",""direction"":""N87E""},{""gust"":9,""speed"":7,""location"":""D"",""direction"":""S79E""}]"
ST,15:57,32.6,34.8,26.3,73.8,1009.7,S33W,8,14,0,0,20.4,4.3,8.84,2026-10-01T08:00:02.8422+00:00,"[{""gust"":25,""speed"":22,""location"":""A"",""direction"":""S46W""},{""gust"":10,""speed"":4,""location"":""B"",""direction"":""S57W""},{""gust"":12,""speed"":10,""location"":""C"",""direction"":""S41W""},{""gust"":18,""speed"":16,""location"":""D"",""direction"":""S38W""}]"
ST,16:02,32.2,34.8,26.3,74.8,1009.7,S38W,11,17,0,0,20.4,4.3,8.92,2026-10-01T08:05:30.80795+00:00,"[{""gust"":19,""speed"":17,""location"":""A"",""direction"":""S48W""},{""gust"":2,""speed"":1,""location"":""B"",""direction"":""N45W""},{""gust"":9,""speed"":7,""location"":""C"",""direction"":""S31W""},{""gust"":21,""speed"":18,""location"":""D"",""direction"":""S41W""}]"
HV,16:02,32.7,34.2,27.8,72.7,1009.6,S76W,1,6,0,0,19.6,4.3,7.77,2026-10-01T08:05:30.80795+00:00,"[{""gust"":4,""speed"":3,""location"":""A"",""direction"":""N82E""},{""gust"":6,""speed"":5,""location"":""B"",""direction"":""N21E""},{""gust"":4,""speed"":3,""location"":""C"",""direction"":""S64W""},{""gust"":10,""speed"":9,""location"":""D"",""direction"":""S52E""}]"
HV,16:07,32.6,34.2,27.8,72.3,1009.5,N2W,4,9,0,0,19.6,4.6,7.85,2026-10-01T08:10:19.707213+00:00,"[{""gust"":6,""speed"":3,""location"":""A"",""direction"":""S28E""},{""gust"":7,""speed"":6,""location"":""B"",""direction"":""N63W""},{""gust"":6,""speed"":3,""location"":""C"",""direction"":""S53E""},{""gust"":9,""speed"":6,""location"":""D"",""direction"":""S59E""}]"
ST,16:07,32.1,34.8,26.3,74.5,1009.6,S48W,9,14,0,0,20.4,4.6,9,2026-10-01T08:10:19.707213+00:00,"[{""gust"":17,""speed"":16,""location"":""A"",""direction"":""S64W""},{""gust"":3,""speed"":2,""location"":""B"",""direction"":""S43E""},{""gust"":13,""speed"":11,""location"":""C"",""direction"":""S2E""},{""gust"":14,""speed"":12,""location"":""D"",""direction"":""S36W""}]"
ST,16:12,32.3,34.8,26.3,74.6,1009.6,S54W,9,15,0,0,20.3,4.6,9.09,2026-10-01T08:15:16.673665+00:00,"[{""gust"":18,""speed"":17,""location"":""A"",""direction"":""S37W""},{""gust"":14,""speed"":10,""location"":""B"",""direction"":""S71W""},{""gust"":19,""speed"":11,""location"":""C"",""direction"":""S49W""},{""gust"":20,""speed"":14,""location"":""D"",""direction"":""S45W""}]"
HV,16:12,32.3,34.2,27.8,72.9,1009.5,N22E,4,8,0,0,19.7,4.6,7.93,2026-10-01T08:15:16.673665+00:00,"[{""gust"":7,""speed"":7,""location"":""A"",""direction"":""S33W""},{""gust"":4,""speed"":3,""location"":""B"",""direction"":""N49W""},{""gust"":2,""speed"":1,""location"":""C"",""direction"":""S13E""},{""gust"":8,""speed"":7,""location"":""D"",""direction"":""N81E""}]"
HV,16:17,32.8,34.2,27.8,71.5,1009.6,N24W,2,4,0,0,19.6,4.6,8.02,2026-10-01T08:20:03.719692+00:00,"[{""gust"":4,""speed"":2,""location"":""A"",""direction"":""N40E""},{""gust"":6,""speed"":5,""location"":""B"",""direction"":""N24W""},{""gust"":3,""speed"":2,""location"":""C"",""direction"":""N59W""},{""gust"":7,""speed"":6,""location"":""D"",""direction"":""S68E""}]"
ST,16:17,32.4,34.8,26.3,74.8,1009.6,S38W,9,15,0,0,20.3,4.6,9.17,2026-10-01T08:20:03.719692+00:00,"[{""gust"":15,""speed"":12,""location"":""A"",""direction"":""S57W""},{""gust"":12,""speed"":10,""location"":""B"",""direction"":""S73W""},{""gust"":15,""speed"":10,""location"":""C"",""direction"":""S44W""},{""gust"":25,""speed"":22,""location"":""D"",""direction"":""S48W""}]"
ST,16:22,32.1,34.8,26.3,74.8,1009.7,S52W,11,16,0,0,20.3,4.6,9.25,2026-10-01T08:25:05.865488+00:00,"[{""gust"":14,""speed"":12,""location"":""A"",""direction"":""S45W""},{""gust"":4,""speed"":2,""location"":""B"",""direction"":""S2W""},{""gust"":8,""speed"":5,""location"":""C"",""direction"":""S32W""},{""gust"":13,""speed"":12,""location"":""D"",""direction"":""S42W""}]"
HV,16:22,33.1,34.2,27.8,70.4,1009.5,N78W,1,3,0,0,19.7,4.6,8.1,2026-10-01T08:25:05.865488+00:00,"[{""gust"":9,""speed"":7,""location"":""A"",""direction"":""S31W""},{""gust"":9,""speed"":7,""location"":""B"",""direction"":""N86W""},{""gust"":2,""speed"":2,""location"":""C"",""direction"":""N63W""},{""gust"":9,""speed"":6,""location"":""D"",""direction"":""S64E""}]"
HV,16:27,33.3,34.2,27.8,70.4,1009.5,N79W,5,8,0,0,19.7,4.6,8.18,2026-10-01T08:30:04.85572+00:00,"[{""gust"":4,""speed"":2,""location"":""A"",""direction"":""N""},{""gust"":7,""speed"":5,""location"":""B"",""direction"":""N68W""},{""gust"":5,""speed"":4,""location"":""C"",""direction"":""N14W""},{""gust"":9,""speed"":6,""location"":""D"",""direction"":""S35E""}]"
ST,16:27,32.2,34.8,26.3,74.1,1009.6,S11W,8,13,0,0,20.2,4.6,9.34,2026-10-01T08:30:04.85572+00:00,"[{""gust"":16,""speed"":14,""location"":""A"",""direction"":""S49W""},{""gust"":9,""speed"":5,""location"":""B"",""direction"":""S34W""},{""gust"":10,""speed"":7,""location"":""C"",""direction"":""S8W""},{""gust"":17,""speed"":14,""location"":""D"",""direction"":""S44W""}]"
HV,16:32,32.4,34.2,27.8,73.3,1009.6,N9W,5,8,0,0,19.7,4.6,8.27,2026-10-01T08:35:05.050949+00:00,"[{""gust"":5,""speed"":4,""location"":""A"",""direction"":""N73W""},{""gust"":3,""speed"":2,""location"":""B"",""direction"":""S74W""},{""gust"":12,""speed"":9,""location"":""C"",""direction"":""N77W""},{""gust"":7,""speed"":5,""location"":""D"",""direction"":""S71E""}]"
ST,16:32,32,34.8,26.3,73.6,1009.9,S41W,10,15,0,0,20.2,4.6,9.42,2026-10-01T08:35:05.050949+00:00,"[{""gust"":11,""speed"":10,""location"":""A"",""direction"":""S56W""},{""gust"":3,""speed"":2,""location"":""B"",""direction"":""S53W""},{""gust"":17,""speed"":15,""location"":""C"",""direction"":""S9E""},{""gust"":16,""speed"":15,""location"":""D"",""direction"":""S30W""}]"
ST,16:37,32,34.8,26.3,74.6,1009.9,S35W,10,13,0,0,20.1,4.8,9.5,2026-10-01T08:40:04.627769+00:00,"[{""gust"":16,""speed"":15,""location"":""A"",""direction"":""S57W""},{""gust"":11,""speed"":6,""location"":""B"",""direction"":""S69W""},{""gust"":11,""speed"":9,""location"":""C"",""direction"":""S4W""},{""gust"":14,""speed"":12,""location"":""D"",""direction"":""S45W""}]"
HV,16:37,32.1,34.2,27.8,74.4,1009.7,S21W,5,11,0,0,19.7,4.8,8.35,2026-10-01T08:40:04.627769+00:00,"[{""gust"":8,""speed"":6,""location"":""A"",""direction"":""S44W""},{""gust"":4,""speed"":3,""location"":""B"",""direction"":""N9W""},{""gust"":13,""speed"":12,""location"":""C"",""direction"":""S79W""},{""gust"":5,""speed"":3,""location"":""D"",""direction"":""S63E""}]"
HV,16:42,31.8,34.2,27.8,74.4,1009.8,N37E,6,10,0,0,19.7,4.8,8.43,2026-10-01T08:45:03.147803+00:00,"[{""gust"":7,""speed"":5,""location"":""A"",""direction"":""N30W""},{""gust"":4,""speed"":3,""location"":""B"",""direction"":""N33W""},{""gust"":9,""speed"":6,""location"":""C"",""direction"":""N70W""},{""gust"":4,""speed"":2,""location"":""D"",""direction"":""N5W""}]"
ST,16:42,31.9,34.8,26.3,74.7,1009.9,S41W,10,15,0,0,20.2,4.8,9.59,2026-10-01T08:45:03.147803+00:00,"[{""gust"":15,""speed"":11,""location"":""A"",""direction"":""S54W""},{""gust"":5,""speed"":3,""location"":""B"",""direction"":""S59W""},{""gust"":10,""speed"":8,""location"":""C"",""direction"":""S54W""},{""gust"":13,""speed"":12,""location"":""D"",""direction"":""S43W""}]"
HV,16:47,32.4,34.2,27.8,73,1009.8,N85W,5,11,0,0,19.7,4.8,8.51,2026-10-01T08:50:05.986543+00:00,"[{""gust"":11,""speed"":8,""location"":""A"",""direction"":""S39W""},{""gust"":6,""speed"":4,""location"":""B"",""direction"":""N83W""},{""gust"":1,""speed"":0,""location"":""C"",""direction"":""N""},{""gust"":8,""speed"":6,""location"":""D"",""direction"":""S71E""}]"
ST,16:47,31.9,34.8,26.3,74.4,1009.9,S60W,10,14,0,0,20.2,4.8,9.67,2026-10-01T08:50:05.986543+00:00,"[{""gust"":17,""speed"":16,""location"":""A"",""direction"":""S41W""},{""gust"":9,""speed"":7,""location"":""B"",""direction"":""N89W""},{""gust"":15,""speed"":11,""location"":""C"",""direction"":""S49W""},{""gust"":14,""speed"":12,""location"":""D"",""direction"":""S42W""}]"
HV,16:52,32.6,34.2,27.8,72.7,1009.8,N78W,1,5,0,0,19.7,4.8,8.59,2026-10-01T08:55:05.217537+00:00,"[{""gust"":7,""speed"":6,""location"":""A"",""direction"":""S11W""},{""gust"":3,""speed"":2,""location"":""B"",""direction"":""S34W""},{""gust"":8,""speed"":7,""location"":""C"",""direction"":""S84W""},{""gust"":8,""speed"":5,""location"":""D"",""direction"":""S38E""}]"
ST,16:52,31.9,34.8,26.3,73.3,1009.9,S43W,7,11,0,0,20.1,4.8,9.75,2026-10-01T08:55:05.217537+00:00,"[{""gust"":16,""speed"":15,""location"":""A"",""direction"":""S41W""},{""gust"":3,""speed"":2,""location"":""B"",""direction"":""S74E""},{""gust"":8,""speed"":6,""location"":""C"",""direction"":""S9W""},{""gust"":11,""speed"":10,""location"":""D"",""direction"":""S40W""}]"
ST,16:56,31.8,34.8,26.3,73.2,1009.8,S52W,9,15,0,0,20.1,4.8,9.82,2026-10-01T09:00:02.917659+00:00,"[{""gust"":17,""speed"":15,""location"":""A"",""direction"":""S53W""},{""gust"":5,""speed"":4,""location"":""B"",""direction"":""S12W""},{""gust"":11,""speed"":7,""location"":""C"",""direction"":""S9E""},{""gust"":16,""speed"":14,""location"":""D"",""direction"":""S44W""}]"
HV,16:56,32.1,34.2,27.8,73.2,1009.7,S74W,7,12,0,0,19.7,4.8,8.66,2026-10-01T09:00:02.917659+00:00,"[{""gust"":12,""speed"":9,""location"":""A"",""direction"":""S84W""},{""gust"":3,""speed"":2,""location"":""B"",""direction"":""S56W""},{""gust"":9,""speed"":7,""location"":""C"",""direction"":""N68W""},{""gust"":6,""speed"":3,""location"":""D"",""direction"":""S61E""}]"
ST,17:02,31.7,34.8,26.3,73.7,1009.7,S29W,10,13,0,0,20,4.8,9.92,2026-10-01T09:05:06.196939+00:00,"[{""gust"":11,""speed"":10,""location"":""A"",""direction"":""S45W""},{""gust"":4,""speed"":3,""location"":""B"",""direction"":""S11W""},{""gust"":12,""speed"":10,""location"":""C"",""direction"":""S7W""},{""gust"":20,""speed"":19,""location"":""D"",""direction"":""S41W""}]"
HV,17:02,32.3,34.2,27.8,71.9,1009.7,N59W,2,3,0,0,19.7,5.1,8.74,2026-10-01T09:05:06.196939+00:00,"[{""gust"":6,""speed"":5,""location"":""A"",""direction"":""S56W""},{""gust"":2,""speed"":1,""location"":""B"",""direction"":""N48E""},{""gust"":6,""speed"":5,""location"":""C"",""direction"":""N42E""},{""gust"":8,""speed"":5,""location"":""D"",""direction"":""S63E""}]"
HV,17:07,31.9,34.2,27.8,73.8,1009.7,N86W,3,5,0,0,19.7,5.1,8.74,2026-10-01T09:10:16.902679+00:00,"[{""gust"":8,""speed"":7,""location"":""A"",""direction"":""S4W""},{""gust"":5,""speed"":4,""location"":""B"",""direction"":""N28W""},{""gust"":3,""speed"":2,""location"":""C"",""direction"":""N46W""},{""gust"":5,""speed"":4,""location"":""D"",""direction"":""S57E""}]"
ST,17:07,31.7,34.8,26.3,74.1,1009.9,S41W,8,12,0,0,20,5.1,10,2026-10-01T09:10:16.902679+00:00,"[{""gust"":14,""speed"":12,""location"":""A"",""direction"":""S53W""},{""gust"":5,""speed"":2,""location"":""B"",""direction"":""S53E""},{""gust"":8,""speed"":6,""location"":""C"",""direction"":""S4E""},{""gust"":15,""speed"":14,""location"":""D"",""direction"":""S39W""}]"
HV,17:13,31.8,34.2,27.8,74.1,1009.7,S83W,2,4,0,0,19.7,5.1,8.74,2026-10-01T09:15:43.37263+00:00,"[{""gust"":8,""speed"":6,""location"":""A"",""direction"":""S31W""},{""gust"":6,""speed"":3,""location"":""B"",""direction"":""N20E""},{""gust"":2,""speed"":1,""location"":""C"",""direction"":""N22W""},{""gust"":9,""speed"":7,""location"":""D"",""direction"":""E""}]"
ST,17:13,31.5,34.8,26.3,74.2,1009.8,S30W,10,15,0,0,19.9,5.1,10.1,2026-10-01T09:15:43.37263+00:00,"[{""gust"":15,""speed"":13,""location"":""A"",""direction"":""S58W""},{""gust"":4,""speed"":4,""location"":""B"",""direction"":""S87W""},{""gust"":16,""speed"":12,""location"":""C"",""direction"":""S6E""},{""gust"":16,""speed"":16,""location"":""D"",""direction"":""S43W""}]"
ST,17:17,31.5,34.8,26.3,74.8,1009.9,S44W,8,14,0,0,19.9,5.1,10.17,2026-10-01T09:20:18.751907+00:00,"[{""gust"":11,""speed"":10,""location"":""A"",""direction"":""S41W""},{""gust"":9,""speed"":7,""location"":""B"",""direction"":""S49W""},{""gust"":9,""speed"":6,""location"":""C"",""direction"":""S6W""},{""gust"":17,""speed"":16,""location"":""D"",""direction"":""S46W""}]"
HV,17:17,31.7,34.2,27.8,74.5,1009.8,N65W,3,6,0,0,19.7,5.1,8.74,2026-10-01T09:20:18.751907+00:00,"[{""gust"":10,""speed"":7,""location"":""A"",""direction"":""S10W""},{""gust"":2,""speed"":0,""location"":""B"",""direction"":""S45W""},{""gust"":4,""speed"":3,""location"":""C"",""direction"":""N54W""},{""gust"":8,""speed"":5,""location"":""D"",""direction"":""S60E""}]"
ST,17:23,31.3,34.8,26.3,74.6,1009.9,S45W,6,9,0,0,19.8,5.1,10.18,2026-10-01T09:25:29.568503+00:00,"[{""gust"":15,""speed"":13,""location"":""A"",""direction"":""S51W""},{""gust"":5,""speed"":3,""location"":""B"",""direction"":""S12W""},{""gust"":9,""speed"":8,""location"":""C"",""direction"":""S12E""},{""gust"":16,""speed"":14,""location"":""D"",""direction"":""S44W""}]"
HV,17:23,31.5,34.2,27.8,75.7,1009.9,N83W,3,7,0,0,19.7,5.1,8.74,2026-10-01T09:25:29.568503+00:00,"[{""gust"":6,""speed"":5,""location"":""A"",""direction"":""S34W""},{""gust"":4,""speed"":3,""location"":""B"",""direction"":""N21W""},{""gust"":7,""speed"":5,""location"":""C"",""direction"":""N44W""},{""gust"":4,""speed"":3,""location"":""D"",""direction"":""S65E""}]"
ST,17:27,31.1,34.8,26.3,75.8,1009.9,S33W,8,14,0,0,19.8,5.1,10.18,2026-10-01T09:30:16.103514+00:00,"[{""gust"":16,""speed"":14,""location"":""A"",""direction"":""S47W""},{""gust"":10,""speed"":8,""location"":""B"",""direction"":""S77W""},{""gust"":11,""speed"":8,""location"":""C"",""direction"":""S46W""},{""gust"":18,""speed"":14,""location"":""D"",""direction"":""S41W""}]"
HV,17:26,31.4,34.2,27.8,76.2,1009.9,N73W,3,6,0,0,19.7,5.1,8.74,2026-10-01T09:30:16.103514+00:00,"[{""gust"":8,""speed"":7,""location"":""A"",""direction"":""S1E""},{""gust"":6,""speed"":5,""location"":""B"",""direction"":""N72W""},{""gust"":7,""speed"":5,""location"":""C"",""direction"":""N59W""},{""gust"":5,""speed"":4,""location"":""D"",""direction"":""S85E""}]"
ST,17:32,30.9,34.8,26.3,76.7,1010.1,S23W,10,16,0,0,19.9,5.1,10.18,2026-10-01T09:35:05.181302+00:00,"[{""gust"":18,""speed"":16,""location"":""A"",""direction"":""S51W""},{""gust"":15,""speed"":11,""location"":""B"",""direction"":""S71W""},{""gust"":9,""speed"":7,""location"":""C"",""direction"":""S4W""},{""gust"":16,""speed"":15,""location"":""D"",""direction"":""S38W""}]"
HV,17:32,31.2,34.2,27.8,77.4,1009.9,N65W,2,7,0,0,19.7,5.1,8.74,2026-10-01T09:35:05.181302+00:00,"[{""gust"":10,""speed"":8,""location"":""A"",""direction"":""S2E""},{""gust"":5,""speed"":4,""location"":""B"",""direction"":""N52W""},{""gust"":7,""speed"":5,""location"":""C"",""direction"":""N65W""},{""gust"":10,""speed"":7,""location"":""D"",""direction"":""S59E""}]"
HV,17:37,31,34.2,27.8,78.3,1010.1,N65W,2,7,0,0,19.7,5.1,8.74,2026-10-01T09:40:04.431388+00:00,"[{""gust"":9,""speed"":7,""location"":""A"",""direction"":""S19E""},{""gust"":4,""speed"":3,""location"":""B"",""direction"":""N5W""},{""gust"":15,""speed"":8,""location"":""C"",""direction"":""S72W""},{""gust"":10,""speed"":8,""location"":""D"",""direction"":""S66E""}]"
ST,17:37,30.7,34.8,26.3,76.7,1010.1,S39W,12,16,0,0,19.9,5.1,10.18,2026-10-01T09:40:04.431388+00:00,"[{""gust"":20,""speed"":17,""location"":""A"",""direction"":""S57W""},{""gust"":6,""speed"":4,""location"":""B"",""direction"":""S73W""},{""gust"":10,""speed"":7,""location"":""C"",""direction"":""S40W""},{""gust"":20,""speed"":18,""location"":""D"",""direction"":""S40W""}]"
HV,17:42,30.8,34.2,27.8,78.8,1010,S75W,5,10,0,0,19.7,5.1,8.74,2026-10-01T09:45:03.609391+00:00,"[{""gust"":3,""speed"":2,""location"":""A"",""direction"":""N81E""},{""gust"":10,""speed"":9,""location"":""B"",""direction"":""N37W""},{""gust"":3,""speed"":3,""location"":""C"",""direction"":""N43W""},{""gust"":9,""speed"":7,""location"":""D"",""direction"":""S77E""}]"
ST,17:42,30.6,34.8,26.3,76.8,1010,S50W,10,17,0,0,19.8,5.3,10.18,2026-10-01T09:45:03.609391+00:00,"[{""gust"":17,""speed"":12,""location"":""A"",""direction"":""S48W""},{""gust"":6,""speed"":5,""location"":""B"",""direction"":""S33W""},{""gust"":11,""speed"":7,""location"":""C"",""direction"":""S17W""},{""gust"":19,""speed"":17,""location"":""D"",""direction"":""S44W""}]"
HV,17:47,30.6,34.2,27.8,79.3,1010,N67W,5,11,0,0,19.7,5.3,8.74,2026-10-01T09:50:05.49697+00:00,"[{""gust"":7,""speed"":5,""location"":""A"",""direction"":""S19W""},{""gust"":6,""speed"":5,""location"":""B"",""direction"":""N31W""},{""gust"":15,""speed"":12,""location"":""C"",""direction"":""S85W""},{""gust"":9,""speed"":7,""location"":""D"",""direction"":""S51E""}]"
ST,17:47,30.6,34.8,26.3,76.9,1010.3,S55W,11,16,0,0,19.8,5.3,10.18,2026-10-01T09:50:05.49697+00:00,"[{""gust"":16,""speed"":14,""location"":""A"",""direction"":""S61W""},{""gust"":7,""speed"":5,""location"":""B"",""direction"":""S32W""},{""gust"":10,""speed"":7,""location"":""C"",""direction"":""S40W""},{""gust"":13,""speed"":12,""location"":""D"",""direction"":""S47W""}]"
HV,17:52,30.6,34.2,27.8,79.9,1010.1,S80W,0,5,0,0,19.7,5.3,8.74,2026-10-01T09:55:04.208553+00:00,"[{""gust"":10,""speed"":8,""location"":""A"",""direction"":""S17E""},{""gust"":2,""speed"":1,""location"":""B"",""direction"":""N74W""},{""gust"":5,""speed"":4,""location"":""C"",""direction"":""N22W""},{""gust"":8,""speed"":6,""location"":""D"",""direction"":""S56E""}]"
ST,17:52,30.6,34.8,26.3,77.3,1010.4,S36W,8,11,0,0,19.7,5.3,10.18,2026-10-01T09:55:04.208553+00:00,"[{""gust"":18,""speed"":15,""location"":""A"",""direction"":""S54W""},{""gust"":7,""speed"":6,""location"":""B"",""direction"":""S78W""},{""gust"":22,""speed"":16,""location"":""C"",""direction"":""S6W""},{""gust"":18,""speed"":15,""location"":""D"",""direction"":""S43W""}]"
HV,17:57,30.4,34.2,27.8,80.8,1010.3,W,8,12,0,0,19.7,5.3,8.74,2026-10-01T10:00:06.0432+00:00,"[{""gust"":4,""speed"":3,""location"":""A"",""direction"":""S29E""},{""gust"":7,""speed"":5,""location"":""B"",""direction"":""N20W""},{""gust"":8,""speed"":7,""location"":""C"",""direction"":""N45W""},{""gust"":9,""speed"":7,""location"":""D"",""direction"":""S47E""}]"
ST,17:57,30.4,34.8,26.3,77.1,1010.5,S37W,9,13,0,0,19.7,5.3,10.18,2026-10-01T10:00:06.0432+00:00,"[{""gust"":21,""speed"":18,""location"":""A"",""direction"":""S52W""},{""gust"":18,""speed"":12,""location"":""B"",""direction"":""S81W""},{""gust"":10,""speed"":8,""location"":""C"",""direction"":""S4E""},{""gust"":15,""speed"":15,""location"":""D"",""direction"":""S43W""}]"
ST,18:02,30.4,34.8,26.3,77.4,1010.7,S47W,10,14,0,0,19.7,5.3,10.18,2026-10-01T10:05:06.470716+00:00,"[{""gust"":17,""speed"":15,""location"":""A"",""direction"":""S57W""},{""gust"":9,""speed"":7,""location"":""B"",""direction"":""S59W""},{""gust"":7,""speed"":5,""location"":""C"",""direction"":""S16W""},{""gust"":14,""speed"":12,""location"":""D"",""direction"":""S43W""}]"
HV,18:02,30.3,34.2,27.8,81.1,1010.4,N73W,6,9,0,0,19.7,5.3,8.74,2026-10-01T10:05:06.470716+00:00,"[{""gust"":9,""speed"":8,""location"":""A"",""direction"":""S17E""},{""gust"":5,""speed"":4,""location"":""B"",""direction"":""N75W""},{""gust"":5,""speed"":4,""location"":""C"",""direction"":""N69W""},{""gust"":9,""speed"":8,""location"":""D"",""direction"":""S52E""}]"
HV,18:07,30.3,34.2,27.8,80.8,1010.5,N15W,2,4,0,0,19.7,5.3,8.74,2026-10-01T10:10:05.722876+00:00,"[{""gust"":4,""speed"":3,""location"":""A"",""direction"":""S17E""},{""gust"":3,""speed"":2,""location"":""B"",""direction"":""N45W""},{""gust"":11,""speed"":9,""location"":""C"",""direction"":""N74W""},{""gust"":6,""speed"":5,""location"":""D"",""direction"":""S41E""}]"
ST,18:07,30.3,34.8,26.3,76.9,1010.7,S26W,9,15,0,0,19.6,5.3,10.18,2026-10-01T10:10:05.722876+00:00,"[{""gust"":20,""speed"":19,""location"":""A"",""direction"":""S48W""},{""gust"":14,""speed"":10,""location"":""B"",""direction"":""S75W""},{""gust"":14,""speed"":12,""location"":""C"",""direction"":""S6E""},{""gust"":19,""speed"":18,""location"":""D"",""direction"":""S40W""}]"
HV,18:12,30.3,34.2,27.8,80.3,1010.6,N72W,6,9,0,0,19.7,5.3,8.74,2026-10-01T10:15:05.183155+00:00,"[{""gust"":4,""speed"":2,""location"":""A"",""direction"":""S49E""},{""gust"":3,""speed"":2,""location"":""B"",""direction"":""N6E""},{""gust"":6,""speed"":4,""location"":""C"",""direction"":""N81W""},{""gust"":6,""speed"":5,""location"":""D"",""direction"":""S73E""}]"
ST,18:12,30.2,34.8,26.3,76.8,1010.9,S43W,10,15,0,0,19.7,5.3,10.18,2026-10-01T10:15:05.183155+00:00,"[{""gust"":18,""speed"":15,""location"":""A"",""direction"":""S53W""},{""gust"":15,""speed"":12,""location"":""B"",""direction"":""S67W""},{""gust"":13,""speed"":8,""location"":""C"",""direction"":""S4W""},{""gust"":18,""speed"":17,""location"":""D"",""direction"":""S38W""}]"
ST,18:17,30.2,34.8,26.3,76.8,1011,S39W,10,16,0,0,19.6,5.3,10.18,2026-10-01T10:20:04.245799+00:00,"[{""gust"":16,""speed"":15,""location"":""A"",""direction"":""S36W""},{""gust"":5,""speed"":5,""location"":""B"",""direction"":""S81W""},{""gust"":9,""speed"":8,""location"":""C"",""direction"":""S4E""},{""gust"":22,""speed"":20,""location"":""D"",""direction"":""S41W""}]"
HV,18:17,30.2,34.2,27.8,81.2,1010.7,S74W,11,15,0,0,19.7,5.3,8.74,2026-10-01T10:20:04.245799+00:00,"[{""gust"":8,""speed"":7,""location"":""A"",""direction"":""S23E""},{""gust"":8,""speed"":5,""location"":""B"",""direction"":""N56W""},{""gust"":2,""speed"":1,""location"":""C"",""direction"":""N43W""},{""gust"":10,""speed"":8,""location"":""D"",""direction"":""S50E""}]"
ST,18:22,30.1,34.8,26.3,77.6,1010.9,S47W,7,10,0,0,19.6,5.3,10.18,2026-10-01T10:25:04.238635+00:00,"[{""gust"":19,""speed"":16,""location"":""A"",""direction"":""S49W""},{""gust"":11,""speed"":9,""location"":""B"",""direction"":""S74W""},{""gust"":6,""speed"":4,""location"":""C"",""direction"":""S17E""},{""gust"":17,""speed"":15,""location"":""D"",""direction"":""S47W""}]"
HV,18:22,30.1,34.2,27.8,81.7,1010.8,S69W,4,9,0,0,19.7,5.3,8.74,2026-10-01T10:25:04.238635+00:00,"[{""gust"":10,""speed"":8,""location"":""A"",""direction"":""S14E""},{""gust"":5,""speed"":3,""location"":""B"",""direction"":""N43W""},{""gust"":9,""speed"":8,""location"":""C"",""direction"":""S88W""},{""gust"":8,""speed"":5,""location"":""D"",""direction"":""S60E""}]"
ST,18:27,30,34.8,26.3,78.4,1011,S36W,11,18,0,0,19.6,5.3,10.18,2026-10-01T10:30:05.475329+00:00,"[{""gust"":18,""speed"":17,""location"":""A"",""direction"":""S49W""},{""gust"":9,""speed"":7,""location"":""B"",""direction"":""S69W""},{""gust"":7,""speed"":5,""location"":""C"",""direction"":""S18W""},{""gust"":18,""speed"":17,""location"":""D"",""direction"":""S42W""}]"
HV,18:27,30.1,34.2,27.8,81.7,1010.8,N42W,4,6,0,0,19.7,5.3,8.74,2026-10-01T10:30:05.475329+00:00,"[{""gust"":4,""speed"":3,""location"":""A"",""direction"":""S8E""},{""gust"":5,""speed"":4,""location"":""B"",""direction"":""N1W""},{""gust"":11,""speed"":8,""location"":""C"",""direction"":""S61W""},{""gust"":3,""speed"":2,""location"":""D"",""direction"":""S63E""}]"
ST,18:32,30,34.8,26.3,78.7,1011,S42W,9,14,0,0,19.5,5.3,10.18,2026-10-01T10:35:06.053526+00:00,"[{""gust"":20,""speed"":17,""location"":""A"",""direction"":""S47W""},{""gust"":11,""speed"":8,""location"":""B"",""direction"":""S64W""},{""gust"":7,""speed"":5,""location"":""C"",""direction"":""S17W""},{""gust"":16,""speed"":14,""location"":""D"",""direction"":""S35W""}]"
HV,18:32,30.1,34.2,27.8,81.8,1010.7,N64W,5,12,0,0,19.7,5.3,8.74,2026-10-01T10:35:06.053526+00:00,"[{""gust"":4,""speed"":2,""location"":""A"",""direction"":""S64E""},{""gust"":4,""speed"":3,""location"":""B"",""direction"":""N24E""},{""gust"":5,""speed"":4,""location"":""C"",""direction"":""N66W""},{""gust"":7,""speed"":6,""location"":""D"",""direction"":""S45E""}]"
HV,18:37,30,34.2,27.8,82.8,1010.8,S73W,6,15,0,0,19.7,5.3,8.74,2026-10-01T10:40:05.009172+00:00,"[{""gust"":5,""speed"":4,""location"":""A"",""direction"":""S24E""},{""gust"":3,""speed"":3,""location"":""B"",""direction"":""N43E""},{""gust"":6,""speed"":5,""location"":""C"",""direction"":""N70W""},{""gust"":3,""speed"":3,""location"":""D"",""direction"":""S76E""}]"
ST,18:37,29.9,34.8,26.3,79.6,1011.2,S38W,8,16,0,0,19.5,5.3,10.18,2026-10-01T10:40:05.009172+00:00,"[{""gust"":18,""speed"":16,""location"":""A"",""direction"":""S49W""},{""gust"":15,""speed"":10,""location"":""B"",""direction"":""S64W""},{""gust"":12,""speed"":8,""location"":""C"",""direction"":""S18W""},{""gust"":15,""speed"":13,""location"":""D"",""direction"":""S44W""}]"
ST,18:42,30,34.8,26.3,79.4,1011.2,S36W,8,17,0,0,19.4,5.3,10.18,2026-10-01T10:45:08.966296+00:00,"[{""gust"":22,""speed"":19,""location"":""A"",""direction"":""S45W""},{""gust"":13,""speed"":10,""location"":""B"",""direction"":""S77W""},{""gust"":11,""speed"":9,""location"":""C"",""direction"":""S5W""},{""gust"":14,""speed"":12,""location"":""D"",""direction"":""S42W""}]"
HV,18:42,29.9,34.2,27.8,83.1,1010.9,N76W,7,9,0,0,19.7,5.3,8.74,2026-10-01T10:45:08.966296+00:00,"[{""gust"":5,""speed"":4,""location"":""A"",""direction"":""N59W""},{""gust"":6,""speed"":5,""location"":""B"",""direction"":""N48W""},{""gust"":7,""speed"":4,""location"":""C"",""direction"":""N63W""},{""gust"":5,""speed"":4,""location"":""D"",""direction"":""N68E""}]"
HV,18:47,30,34.2,27.8,82.9,1011,S20W,3,6,0,0,19.7,5.3,8.74,2026-10-01T10:50:05.314809+00:00,"[{""gust"":3,""speed"":2,""location"":""A"",""direction"":""S41W""},{""gust"":7,""speed"":4,""location"":""B"",""direction"":""S26W""},{""gust"":7,""speed"":6,""location"":""C"",""direction"":""N60W""},{""gust"":5,""speed"":4,""location"":""D"",""direction"":""N47E""}]"
ST,18:47,29.9,34.8,26.3,79.4,1011.1,S42W,7,10,0,0,19.5,5.6,10.18,2026-10-01T10:50:05.314809+00:00,"[{""gust"":18,""speed"":15,""location"":""A"",""direction"":""S41W""},{""gust"":4,""speed"":3,""location"":""B"",""direction"":""S32W""},{""gust"":10,""speed"":8,""location"":""C"",""direction"":""S2W""},{""gust"":18,""speed"":16,""location"":""D"",""direction"":""S43W""}]"
ST,18:52,29.9,34.8,26.3,80.5,1011.2,S21W,7,9,0,0,19.4,5.6,10.18,2026-10-01T10:55:04.187415+00:00,"[{""gust"":13,""speed"":12,""location"":""A"",""direction"":""S41W""},{""gust"":3,""speed"":2,""location"":""B"",""direction"":""S60W""},{""gust"":6,""speed"":5,""location"":""C"",""direction"":""S42W""},{""gust"":15,""speed"":14,""location"":""D"",""direction"":""S40W""}]"
HV,18:52,30,34.2,27.8,82,1011,N17W,1,4,0,0,19.7,5.3,8.74,2026-10-01T10:55:04.187415+00:00,"[{""gust"":5,""speed"":2,""location"":""A"",""direction"":""S5W""},{""gust"":5,""speed"":4,""location"":""B"",""direction"":""N25W""},{""gust"":4,""speed"":1,""location"":""C"",""direction"":""S57W""},{""gust"":5,""speed"":4,""location"":""D"",""direction"":""N75E""}]"
ST,18:57,29.8,34.8,26.3,80.6,1011.3,S65W,6,8,0,0,19.4,5.6,10.18,2026-10-01T11:00:05.628138+00:00,"[{""gust"":14,""speed"":12,""location"":""A"",""direction"":""S35W""},{""gust"":4,""speed"":3,""location"":""B"",""direction"":""S61W""},{""gust"":9,""speed"":7,""location"":""C"",""direction"":""S60W""},{""gust"":13,""speed"":11,""location"":""D"",""direction"":""S52W""}]"
HV,18:57,30,34.2,27.8,82.3,1011,N49W,3,9,0,0,19.8,5.3,8.74,2026-10-01T11:00:05.628138+00:00,"[{""gust"":5,""speed"":4,""location"":""A"",""direction"":""N59W""},{""gust"":6,""speed"":5,""location"":""B"",""direction"":""N54W""},{""gust"":5,""speed"":2,""location"":""C"",""direction"":""N60W""},{""gust"":1,""speed"":1,""location"":""D"",""direction"":""N48E""}]"
HV,19:02,29.9,34.2,27.8,82.4,1010.9,S79W,6,18,0,0,19.8,5.3,8.74,2026-10-01T11:05:05.212141+00:00,"[{""gust"":5,""speed"":4,""location"":""A"",""direction"":""S11E""},{""gust"":7,""speed"":5,""location"":""B"",""direction"":""N28W""},{""gust"":10,""speed"":6,""location"":""C"",""direction"":""N86W""},{""gust"":8,""speed"":5,""location"":""D"",""direction"":""S60E""}]"
ST,19:02,29.8,34.8,26.3,83.2,1011.1,S38W,5,7,0,0,19.4,5.6,10.18,2026-10-01T11:05:05.212141+00:00,"[{""gust"":11,""speed"":9,""location"":""A"",""direction"":""S43W""},{""gust"":6,""speed"":5,""location"":""B"",""direction"":""S66W""},{""gust"":11,""speed"":9,""location"":""C"",""direction"":""S68W""},{""gust"":16,""speed"":15,""location"":""D"",""direction"":""S50W""}]"
ST,19:07,29.8,34.8,26.3,82.4,1011,S54W,7,11,0,0,19.4,5.6,10.18,2026-10-01T11:10:04.495557+00:00,"[{""gust"":10,""speed"":9,""location"":""A"",""direction"":""S40W""},{""gust"":3,""speed"":3,""location"":""B"",""direction"":""S42W""},{""gust"":8,""speed"":7,""location"":""C"",""direction"":""S15W""},{""gust"":16,""speed"":15,""location"":""D"",""direction"":""S53W""}]"
HV,19:07,29.9,34.2,27.8,82.4,1010.9,N68W,3,6,0,0,19.8,5.3,8.74,2026-10-01T11:10:04.495557+00:00,"[{""gust"":6,""speed"":4,""location"":""A"",""direction"":""S7W""},{""gust"":7,""speed"":6,""location"":""B"",""direction"":""N25W""},{""gust"":9,""speed"":4,""location"":""C"",""direction"":""S82W""},{""gust"":6,""speed"":3,""location"":""D"",""direction"":""S49E""}]"
ST,19:12,29.8,34.8,26.3,82.6,1011.3,S43W,8,11,0,0,19.3,5.6,10.18,2026-10-01T11:15:05.544066+00:00,"[{""gust"":10,""speed"":9,""location"":""A"",""direction"":""S55W""},{""gust"":6,""speed"":5,""location"":""B"",""direction"":""S77W""},{""gust"":6,""speed"":3,""location"":""C"",""direction"":""S30W""},{""gust"":16,""speed"":12,""location"":""D"",""direction"":""S43W""}]"
HV,19:12,29.8,34.2,27.8,82.9,1011,S71W,10,13,0,0,19.7,5.3,8.74,2026-10-01T11:15:05.544066+00:00,"[{""gust"":9,""speed"":7,""location"":""A"",""direction"":""S14E""},{""gust"":4,""speed"":2,""location"":""B"",""direction"":""N1E""},{""gust"":6,""speed"":5,""location"":""C"",""direction"":""N88W""},{""gust"":3,""speed"":2,""location"":""D"",""direction"":""S45E""}]"
HV,19:17,29.8,34.2,27.8,83.5,1011.1,S30W,6,10,0,0,19.8,5.6,8.74,2026-10-01T11:20:04.261703+00:00,"[{""gust"":2,""speed"":2,""location"":""A"",""direction"":""S14E""},{""gust"":3,""speed"":1,""location"":""B"",""direction"":""N11W""},{""gust"":9,""speed"":6,""location"":""C"",""direction"":""S39W""},{""gust"":2,""speed"":1,""location"":""D"",""direction"":""N88E""}]"
ST,19:17,29.7,34.8,26.3,83.4,1011.3,S64W,7,13,0,0,19.3,5.6,10.18,2026-10-01T11:20:04.261703+00:00,"[{""gust"":16,""speed"":14,""location"":""A"",""direction"":""S59W""},{""gust"":4,""speed"":3,""location"":""B"",""direction"":""S69W""},{""gust"":11,""speed"":10,""location"":""C"",""direction"":""S51W""},{""gust"":15,""speed"":14,""location"":""D"",""direction"":""S48W""}]"
