trial_date,group_no,trial_venue,distance_m,going,group_time,group_sectional_times
16/04/2026,1,沙田全天候跑道,1200,好地,1.10.96,25.6   23.0   22.3
16/04/2026,2,沙田全天候跑道,1200,好地,1.10.79,25.2   22.8   22.7
16/04/2026,3,沙田全天候跑道,1200,好地,1.10.26,24.8   22.7   22.7
16/04/2026,4,沙田全天候跑道,1200,好地,1.10.76,24.8   22.7   23.2
14/04/2026,1,沙田全天候跑道,1200,好地,1.10.96,25.6   23.0   22.3
14/04/2026,2,沙田全天候跑道,1200,好地,1.10.79,25.2   22.8   22.7
14/04/2026,3,沙田全天候跑道,1200,好地,1.10.26,24.8   22.7   22.7
14/04/2026,4,沙田全天候跑道,1200,好地,1.10.76,24.8   22.7   23.2
13/04/2026,1,沙田全天候跑道,1200,好地,1.10.96,25.6   23.0   22.3
13/04/2026,2,沙田全天候跑道,1200,好地,1.10.79,25.2   22.8   22.7
13/04/2026,3,沙田全天候跑道,1200,好地,1.10.26,24.8   22.7   22.7
13/04/2026,4,沙田全天候跑道,1200,好地,1.10.76,24.8   22.7   23.2
10/04/2026,1,沙田全天候跑道,1200,好地,1.10.96,25.6   23.0   22.3
10/04/2026,2,沙田全天候跑道,1200,好地,1.10.79,25.2   22.8   22.7
10/04/2026,3,沙田全天候跑道,1200,好地,1.10.26,24.8   22.7   22.7
10/04/2026,4,沙田全天候跑道,1200,好地,1.10.76,24.8   22.7   23.2
09/04/2026,1,沙田全天候跑道,1200,好地,1.10.96,25.6   23.0   22.3
09/04/2026,2,沙田全天候跑道,1200,好地,1.10.79,25.2   22.8   22.7
09/04/2026,3,沙田全天候跑道,1200,好地,1.10.26,24.8   22.7   22.7
09/04/2026,4,沙田全天候跑道,1200,好地,1.10.76,24.8   22.7   23.2
02/04/2026,1,沙田全天候跑道,1200,好地,1.10.96,25.6   23.0   22.3
02/04/2026,2,沙田全天候跑道,1200,好地,1.10.79,25.2   22.8   22.7
02/04/2026,3,沙田全天候跑道,1200,好地,1.10.26,24.8   22.7   22.7
02/04/2026,4,沙田全天候跑道,1200,好地,1.10.76,24.8   22.7   23.2
31/03/2026,1,沙田全天候跑道,1200,好地,1.10.96,25.6   23.0   22.3
31/03/2026,2,沙田全天候跑道,1200,好地,1.10.79,25.2   22.8   22.7
31/03/2026,3,沙田全天候跑道,1200,好地,1.10.26,24.8   22.7   22.7
31/03/2026,4,沙田全天候跑道,1200,好地,1.10.76,24.8   22.7   23.2
30/03/2026,1,沙田全天候跑道,1200,好地,1.10.96,25.6   23.0   22.3
30/03/2026,2,沙田全天候跑道,1200,好地,1.10.79,25.2   22.8   22.7
30/03/2026,3,沙田全天候跑道,1200,好地,1.10.26,24.8   22.7   22.7
30/03/2026,4,沙田全天候跑道,1200,好地,1.10.76,24.8   22.7   23.2
27/03/2026,1,沙田全天候跑道,1200,好地,1.10.96,25.6   23.0   22.3
27/03/2026,2,沙田全天候跑道,1200,好地,1.10.79,25.2   22.8   22.7
27/03/2026,3,沙田全天候跑道,1200,好地,1.10.26,24.8   22.7   22.7
27/03/2026,4,沙田全天候跑道,1200,好地,1.10.76,24.8   22.7   23.2
26/03/2026,1,沙田全天候跑道,1200,好地,1.10.96,25.6   23.0   22.3
26/03/2026,2,沙田全天候跑道,1200,好地,1.10.79,25.2   22.8   22.7
26/03/2026,3,沙田全天候跑道,1200,好地,1.10.26,24.8   22.7   22.7
26/03/2026,4,沙田全天候跑道,1200,好地,1.10.76,24.8   22.7   23.2
24/03/2026,1,沙田全天候跑道,1200,好地,1.10.96,25.6   23.0   22.3
24/03/2026,2,沙田全天候跑道,1200,好地,1.10.79,25.2   22.8   22.7
24/03/2026,3,沙田全天候跑道,1200,好地,1.10.26,24.8   22.7   22.7
24/03/2026,4,沙田全天候跑道,1200,好地,1.10.76,24.8   22.7   23.2
20/03/2026,1,沙田全天候跑道,1200,好地,1.10.96,25.6   23.0   22.3
20/03/2026,2,沙田全天候跑道,1200,好地,1.10.79,25.2   22.8   22.7
20/03/2026,3,沙田全天候跑道,1200,好地,1.10.26,24.8   22.7   22.7
20/03/2026,4,沙田全天候跑道,1200,好地,1.10.76,24.8   22.7   23.2
19/03/2026,1,沙田全天候跑道,1200,好地,1.10.96,25.6   23.0   22.3
19/03/2026,2,沙田全天候跑道,1200,好地,1.10.79,25.2   22.8   22.7
19/03/2026,3,沙田全天候跑道,1200,好地,1.10.26,24.8   22.7   22.7
19/03/2026,4,沙田全天候跑道,1200,好地,1.10.76,24.8   22.7   23.2
17/03/2026,1,沙田全天候跑道,1200,好地,1.10.96,25.6   23.0   22.3
17/03/2026,2,沙田全天候跑道,1200,好地,1.10.79,25.2   22.8   22.7
17/03/2026,3,沙田全天候跑道,1200,好地,1.10.26,24.8   22.7   22.7
17/03/2026,4,沙田全天候跑道,1200,好地,1.10.76,24.8   22.7   23.2
16/03/2026,1,沙田全天候跑道,1200,好地,1.10.96,25.6   23.0   22.3
16/03/2026,2,沙田全天候跑道,1200,好地,1.10.79,25.2   22.8   22.7
16/03/2026,3,沙田全天候跑道,1200,好地,1.10.26,24.8   22.7   22.7
16/03/2026,4,沙田全天候跑道,1200,好地,1.10.76,24.8   22.7   23.2
14/03/2026,1,沙田全天候跑道,1200,好地,1.10.96,25.6   23.0   22.3
14/03/2026,2,沙田全天候跑道,1200,好地,1.10.79,25.2   22.8   22.7
14/03/2026,3,沙田全天候跑道,1200,好地,1.10.26,24.8   22.7   22.7
14/03/2026,4,沙田全天候跑道,1200,好地,1.10.76,24.8   22.7   23.2
13/03/2026,1,沙田全天候跑道,1200,好地,1.10.96,25.6   23.0   22.3
13/03/2026,2,沙田全天候跑道,1200,好地,1.10.79,25.2   22.8   22.7
13/03/2026,3,沙田全天候跑道,1200,好地,1.10.26,24.8   22.7   22.7
13/03/2026,4,沙田全天候跑道,1200,好地,1.10.76,24.8   22.7   23.2
12/03/2026,1,沙田全天候跑道,1200,好地,1.10.96,25.6   23.0   22.3
12/03/2026,2,沙田全天候跑道,1200,好地,1.10.79,25.2   22.8   22.7
12/03/2026,3,沙田全天候跑道,1200,好地,1.10.26,24.8   22.7   22.7
12/03/2026,4,沙田全天候跑道,1200,好地,1.10.76,24.8   22.7   23.2
10/03/2026,1,沙田全天候跑道,1200,好地,1.10.96,25.6   23.0   22.3
10/03/2026,2,沙田全天候跑道,1200,好地,1.10.79,25.2   22.8   22.7
10/03/2026,3,沙田全天候跑道,1200,好地,1.10.26,24.8   22.7   22.7
10/03/2026,4,沙田全天候跑道,1200,好地,1.10.76,24.8   22.7   23.2
06/03/2026,1,沙田全天候跑道,1200,好地,1.10.96,25.6   23.0   22.3
06/03/2026,2,沙田全天候跑道,1200,好地,1.10.79,25.2   22.8   22.7
06/03/2026,3,沙田全天候跑道,1200,好地,1.10.26,24.8   22.7   22.7
06/03/2026,4,沙田全天候跑道,1200,好地,1.10.76,24.8   22.7   23.2
05/03/2026,1,沙田全天候跑道,1200,好地,1.10.96,25.6   23.0   22.3
05/03/2026,2,沙田全天候跑道,1200,好地,1.10.79,25.2   22.8   22.7
05/03/2026,3,沙田全天候跑道,1200,好地,1.10.26,24.8   22.7   22.7
05/03/2026,4,沙田全天候跑道,1200,好地,1.10.76,24.8   22.7   23.2
03/03/2026,1,沙田全天候跑道,1200,好地,1.10.96,25.6   23.0   22.3
03/03/2026,2,沙田全天候跑道,1200,好地,1.10.79,25.2   22.8   22.7
03/03/2026,3,沙田全天候跑道,1200,好地,1.10.26,24.8   22.7   22.7
03/03/2026,4,沙田全天候跑道,1200,好地,1.10.76,24.8   22.7   23.2
02/03/2026,1,沙田全天候跑道,1200,好地,1.10.96,25.6   23.0   22.3
02/03/2026,2,沙田全天候跑道,1200,好地,1.10.79,25.2   22.8   22.7
02/03/2026,3,沙田全天候跑道,1200,好地,1.10.26,24.8   22.7   22.7
02/03/2026,4,沙田全天候跑道,1200,好地,1.10.76,24.8   22.7   23.2
27/02/2026,1,沙田全天候跑道,1200,好地,1.10.96,25.6   23.0   22.3
27/02/2026,2,沙田全天候跑道,1200,好地,1.10.79,25.2   22.8   22.7
27/02/2026,3,沙田全天候跑道,1200,好地,1.10.26,24.8   22.7   22.7
27/02/2026,4,沙田全天候跑道,1200,好地,1.10.76,24.8   22.7   23.2
26/02/2026,1,沙田全天候跑道,1200,好地,1.10.96,25.6   23.0   22.3
26/02/2026,2,沙田全天候跑道,1200,好地,1.10.79,25.2   22.8   22.7
26/02/2026,3,沙田全天候跑道,1200,好地,1.10.26,24.8   22.7   22.7
26/02/2026,4,沙田全天候跑道,1200,好地,1.10.76,24.8   22.7   23.2
24/02/2026,1,沙田全天候跑道,1200,好地,1.10.96,25.6   23.0   22.3
24/02/2026,2,沙田全天候跑道,1200,好地,1.10.79,25.2   22.8   22.7
24/02/2026,3,沙田全天候跑道,1200,好地,1.10.26,24.8   22.7   22.7
24/02/2026,4,沙田全天候跑道,1200,好地,1.10.76,24.8   22.7   23.2
20/02/2026,1,沙田全天候跑道,1200,好地,1.10.96,25.6   23.0   22.3
20/02/2026,2,沙田全天候跑道,1200,好地,1.10.79,25.2   22.8   22.7
20/02/2026,3,沙田全天候跑道,1200,好地,1.10.26,24.8   22.7   22.7
20/02/2026,4,沙田全天候跑道,1200,好地,1.10.76,24.8   22.7   23.2
16/02/2026,1,沙田全天候跑道,1200,好地,1.10.96,25.6   23.0   22.3
16/02/2026,2,沙田全天候跑道,1200,好地,1.10.79,25.2   22.8   22.7
16/02/2026,3,沙田全天候跑道,1200,好地,1.10.26,24.8   22.7   22.7
16/02/2026,4,沙田全天候跑道,1200,好地,1.10.76,24.8   22.7   23.2
13/02/2026,1,沙田全天候跑道,1200,好地,1.10.96,25.6   23.0   22.3
13/02/2026,2,沙田全天候跑道,1200,好地,1.10.79,25.2   22.8   22.7
13/02/2026,3,沙田全天候跑道,1200,好地,1.10.26,24.8   22.7   22.7
13/02/2026,4,沙田全天候跑道,1200,好地,1.10.76,24.8   22.7   23.2
12/02/2026,1,沙田全天候跑道,1200,好地,1.10.96,25.6   23.0   22.3
12/02/2026,2,沙田全天候跑道,1200,好地,1.10.79,25.2   22.8   22.7
12/02/2026,3,沙田全天候跑道,1200,好地,1.10.26,24.8   22.7   22.7
12/02/2026,4,沙田全天候跑道,1200,好地,1.10.76,24.8   22.7   23.2
10/02/2026,1,沙田全天候跑道,1200,好地,1.10.96,25.6   23.0   22.3
10/02/2026,2,沙田全天候跑道,1200,好地,1.10.79,25.2   22.8   22.7
10/02/2026,3,沙田全天候跑道,1200,好地,1.10.26,24.8   22.7   22.7
10/02/2026,4,沙田全天候跑道,1200,好地,1.10.76,24.8   22.7   23.2
06/02/2026,1,沙田全天候跑道,1200,好地,1.10.96,25.6   23.0   22.3
06/02/2026,2,沙田全天候跑道,1200,好地,1.10.79,25.2   22.8   22.7
06/02/2026,3,沙田全天候跑道,1200,好地,1.10.26,24.8   22.7   22.7
06/02/2026,4,沙田全天候跑道,1200,好地,1.10.76,24.8   22.7   23.2
05/02/2026,1,沙田全天候跑道,1200,好地,1.10.96,25.6   23.0   22.3
05/02/2026,2,沙田全天候跑道,1200,好地,1.10.79,25.2   22.8   22.7
05/02/2026,3,沙田全天候跑道,1200,好地,1.10.26,24.8   22.7   22.7
05/02/2026,4,沙田全天候跑道,1200,好地,1.10.76,24.8   22.7   23.2
03/02/2026,1,沙田全天候跑道,1200,好地,1.10.96,25.6   23.0   22.3
03/02/2026,2,沙田全天候跑道,1200,好地,1.10.79,25.2   22.8   22.7
03/02/2026,3,沙田全天候跑道,1200,好地,1.10.26,24.8   22.7   22.7
03/02/2026,4,沙田全天候跑道,1200,好地,1.10.76,24.8   22.7   23.2
02/02/2026,1,沙田全天候跑道,1200,好地,1.10.96,25.6   23.0   22.3
02/02/2026,2,沙田全天候跑道,1200,好地,1.10.79,25.2   22.8   22.7
02/02/2026,3,沙田全天候跑道,1200,好地,1.10.26,24.8   22.7   22.7
02/02/2026,4,沙田全天候跑道,1200,好地,1.10.76,24.8   22.7   23.2
30/01/2026,1,沙田全天候跑道,1200,好地,1.10.96,25.6   23.0   22.3
30/01/2026,2,沙田全天候跑道,1200,好地,1.10.79,25.2   22.8   22.7
30/01/2026,3,沙田全天候跑道,1200,好地,1.10.26,24.8   22.7   22.7
30/01/2026,4,沙田全天候跑道,1200,好地,1.10.76,24.8   22.7   23.2
29/01/2026,1,沙田全天候跑道,1200,好地,1.10.96,25.6   23.0   22.3
29/01/2026,2,沙田全天候跑道,1200,好地,1.10.79,25.2   22.8   22.7
29/01/2026,3,沙田全天候跑道,1200,好地,1.10.26,24.8   22.7   22.7
29/01/2026,4,沙田全天候跑道,1200,好地,1.10.76,24.8   22.7   23.2
27/01/2026,1,沙田全天候跑道,1200,好地,1.10.96,25.6   23.0   22.3
27/01/2026,2,沙田全天候跑道,1200,好地,1.10.79,25.2   22.8   22.7
27/01/2026,3,沙田全天候跑道,1200,好地,1.10.26,24.8   22.7   22.7
27/01/2026,4,沙田全天候跑道,1200,好地,1.10.76,24.8   22.7   23.2
26/01/2026,1,沙田全天候跑道,1200,好地,1.10.96,25.6   23.0   22.3
26/01/2026,2,沙田全天候跑道,1200,好地,1.10.79,25.2   22.8   22.7
26/01/2026,3,沙田全天候跑道,1200,好地,1.10.26,24.8   22.7   22.7
26/01/2026,4,沙田全天候跑道,1200,好地,1.10.76,24.8   22.7   23.2
23/01/2026,1,沙田全天候跑道,1200,好地,1.10.96,25.6   23.0   22.3
23/01/2026,2,沙田全天候跑道,1200,好地,1.10.79,25.2   22.8   22.7
23/01/2026,3,沙田全天候跑道,1200,好地,1.10.26,24.8   22.7   22.7
23/01/2026,4,沙田全天候跑道,1200,好地,1.10.76,24.8   22.7   23.2
22/01/2026,1,沙田全天候跑道,1200,好地,1.10.96,25.6   23.0   22.3
22/01/2026,2,沙田全天候跑道,1200,好地,1.10.79,25.2   22.8   22.7
22/01/2026,3,沙田全天候跑道,1200,好地,1.10.26,24.8   22.7   22.7
22/01/2026,4,沙田全天候跑道,1200,好地,1.10.76,24.8   22.7   23.2
20/01/2026,1,沙田全天候跑道,1200,好地,1.10.96,25.6   23.0   22.3
20/01/2026,2,沙田全天候跑道,1200,好地,1.10.79,25.2   22.8   22.7
20/01/2026,3,沙田全天候跑道,1200,好地,1.10.26,24.8   22.7   22.7
20/01/2026,4,沙田全天候跑道,1200,好地,1.10.76,24.8   22.7   23.2
16/01/2026,1,沙田全天候跑道,1200,好地,1.10.96,25.6   23.0   22.3
16/01/2026,2,沙田全天候跑道,1200,好地,1.10.79,25.2   22.8   22.7
16/01/2026,3,沙田全天候跑道,1200,好地,1.10.26,24.8   22.7   22.7
16/01/2026,4,沙田全天候跑道,1200,好地,1.10.76,24.8   22.7   23.2
15/01/2026,1,沙田全天候跑道,1200,好地,1.10.96,25.6   23.0   22.3
15/01/2026,2,沙田全天候跑道,1200,好地,1.10.79,25.2   22.8   22.7
15/01/2026,3,沙田全天候跑道,1200,好地,1.10.26,24.8   22.7   22.7
15/01/2026,4,沙田全天候跑道,1200,好地,1.10.76,24.8   22.7   23.2
13/01/2026,1,沙田全天候跑道,1200,好地,1.10.96,25.6   23.0   22.3
13/01/2026,2,沙田全天候跑道,1200,好地,1.10.79,25.2   22.8   22.7
13/01/2026,3,沙田全天候跑道,1200,好地,1.10.26,24.8   22.7   22.7
13/01/2026,4,沙田全天候跑道,1200,好地,1.10.76,24.8   22.7   23.2
12/01/2026,1,沙田全天候跑道,1200,好地,1.10.96,25.6   23.0   22.3
12/01/2026,2,沙田全天候跑道,1200,好地,1.10.79,25.2   22.8   22.7
12/01/2026,3,沙田全天候跑道,1200,好地,1.10.26,24.8   22.7   22.7
12/01/2026,4,沙田全天候跑道,1200,好地,1.10.76,24.8   22.7   23.2
10/01/2026,1,沙田全天候跑道,1200,好地,1.10.96,25.6   23.0   22.3
10/01/2026,2,沙田全天候跑道,1200,好地,1.10.79,25.2   22.8   22.7
10/01/2026,3,沙田全天候跑道,1200,好地,1.10.26,24.8   22.7   22.7
10/01/2026,4,沙田全天候跑道,1200,好地,1.10.76,24.8   22.7   23.2
09/01/2026,1,沙田全天候跑道,1200,好地,1.10.96,25.6   23.0   22.3
09/01/2026,2,沙田全天候跑道,1200,好地,1.10.79,25.2   22.8   22.7
09/01/2026,3,沙田全天候跑道,1200,好地,1.10.26,24.8   22.7   22.7
09/01/2026,4,沙田全天候跑道,1200,好地,1.10.76,24.8   22.7   23.2
08/01/2026,1,沙田全天候跑道,1200,好地,1.10.96,25.6   23.0   22.3
08/01/2026,2,沙田全天候跑道,1200,好地,1.10.79,25.2   22.8   22.7
08/01/2026,3,沙田全天候跑道,1200,好地,1.10.26,24.8   22.7   22.7
08/01/2026,4,沙田全天候跑道,1200,好地,1.10.76,24.8   22.7   23.2
06/01/2026,1,沙田全天候跑道,1200,好地,1.10.96,25.6   23.0   22.3
06/01/2026,2,沙田全天候跑道,1200,好地,1.10.79,25.2   22.8   22.7
06/01/2026,3,沙田全天候跑道,1200,好地,1.10.26,24.8   22.7   22.7
06/01/2026,4,沙田全天候跑道,1200,好地,1.10.76,24.8   22.7   23.2
02/01/2026,1,沙田全天候跑道,1200,好地,1.10.96,25.6   23.0   22.3
02/01/2026,2,沙田全天候跑道,1200,好地,1.10.79,25.2   22.8   22.7
02/01/2026,3,沙田全天候跑道,1200,好地,1.10.26,24.8   22.7   22.7
02/01/2026,4,沙田全天候跑道,1200,好地,1.10.76,24.8   22.7   23.2
30/12/2025,1,沙田全天候跑道,1200,好地,1.10.96,25.6   23.0   22.3
30/12/2025,2,沙田全天候跑道,1200,好地,1.10.79,25.2   22.8   22.7
30/12/2025,3,沙田全天候跑道,1200,好地,1.10.26,24.8   22.7   22.7
30/12/2025,4,沙田全天候跑道,1200,好地,1.10.76,24.8   22.7   23.2
29/12/2025,1,沙田全天候跑道,1200,好地,1.10.96,25.6   23.0   22.3
29/12/2025,2,沙田全天候跑道,1200,好地,1.10.79,25.2   22.8   22.7
29/12/2025,3,沙田全天候跑道,1200,好地,1.10.26,24.8   22.7   22.7
29/12/2025,4,沙田全天候跑道,1200,好地,1.10.76,24.8   22.7   23.2
25/12/2025,1,沙田全天候跑道,1200,好地,1.10.96,25.6   23.0   22.3
25/12/2025,2,沙田全天候跑道,1200,好地,1.10.79,25.2   22.8   22.7
25/12/2025,3,沙田全天候跑道,1200,好地,1.10.26,24.8   22.7   22.7
25/12/2025,4,沙田全天候跑道,1200,好地,1.10.76,24.8   22.7   23.2
22/12/2025,1,沙田全天候跑道,1200,好地,1.10.96,25.6   23.0   22.3
22/12/2025,2,沙田全天候跑道,1200,好地,1.10.79,25.2   22.8   22.7
22/12/2025,3,沙田全天候跑道,1200,好地,1.10.26,24.8   22.7   22.7
22/12/2025,4,沙田全天候跑道,1200,好地,1.10.76,24.8   22.7   23.2
19/12/2025,1,沙田全天候跑道,1200,好地,1.10.96,25.6   23.0   22.3
19/12/2025,2,沙田全天候跑道,1200,好地,1.10.79,25.2   22.8   22.7
19/12/2025,3,沙田全天候跑道,1200,好地,1.10.26,24.8   22.7   22.7
19/12/2025,4,沙田全天候跑道,1200,好地,1.10.76,24.8   22.7   23.2
18/12/2025,1,沙田全天候跑道,1200,好地,1.10.96,25.6   23.0   22.3
18/12/2025,2,沙田全天候跑道,1200,好地,1.10.79,25.2   22.8   22.7
18/12/2025,3,沙田全天候跑道,1200,好地,1.10.26,24.8   22.7   22.7
18/12/2025,4,沙田全天候跑道,1200,好地,1.10.76,24.8   22.7   23.2
16/12/2025,1,沙田全天候跑道,1200,好地,1.10.96,25.6   23.0   22.3
16/12/2025,2,沙田全天候跑道,1200,好地,1.10.79,25.2   22.8   22.7
16/12/2025,3,沙田全天候跑道,1200,好地,1.10.26,24.8   22.7   22.7
16/12/2025,4,沙田全天候跑道,1200,好地,1.10.76,24.8   22.7   23.2
15/12/2025,1,沙田全天候跑道,1200,好地,1.10.96,25.6   23.0   22.3
15/12/2025,2,沙田全天候跑道,1200,好地,1.10.79,25.2   22.8   22.7
15/12/2025,3,沙田全天候跑道,1200,好地,1.10.26,24.8   22.7   22.7
15/12/2025,4,沙田全天候跑道,1200,好地,1.10.76,24.8   22.7   23.2
11/12/2025,1,沙田全天候跑道,1200,好地,1.10.96,25.6   23.0   22.3
11/12/2025,2,沙田全天候跑道,1200,好地,1.10.79,25.2   22.8   22.7
11/12/2025,3,沙田全天候跑道,1200,好地,1.10.26,24.8   22.7   22.7
11/12/2025,4,沙田全天候跑道,1200,好地,1.10.76,24.8   22.7   23.2
09/12/2025,1,沙田全天候跑道,1200,好地,1.10.96,25.6   23.0   22.3
09/12/2025,2,沙田全天候跑道,1200,好地,1.10.79,25.2   22.8   22.7
09/12/2025,3,沙田全天候跑道,1200,好地,1.10.26,24.8   22.7   22.7
09/12/2025,4,沙田全天候跑道,1200,好地,1.10.76,24.8   22.7   23.2
05/12/2025,1,沙田全天候跑道,1200,好地,1.10.96,25.6   23.0   22.3
05/12/2025,2,沙田全天候跑道,1200,好地,1.10.79,25.2   22.8   22.7
05/12/2025,3,沙田全天候跑道,1200,好地,1.10.26,24.8   22.7   22.7
05/12/2025,4,沙田全天候跑道,1200,好地,1.10.76,24.8   22.7   23.2
04/12/2025,1,沙田全天候跑道,1200,好地,1.10.96,25.6   23.0   22.3
04/12/2025,2,沙田全天候跑道,1200,好地,1.10.79,25.2   22.8   22.7
04/12/2025,3,沙田全天候跑道,1200,好地,1.10.26,24.8   22.7   22.7
04/12/2025,4,沙田全天候跑道,1200,好地,1.10.76,24.8   22.7   23.2
02/12/2025,1,沙田全天候跑道,1200,好地,1.10.96,25.6   23.0   22.3
02/12/2025,2,沙田全天候跑道,1200,好地,1.10.79,25.2   22.8   22.7
02/12/2025,3,沙田全天候跑道,1200,好地,1.10.26,24.8   22.7   22.7
02/12/2025,4,沙田全天候跑道,1200,好地,1.10.76,24.8   22.7   23.2
01/12/2025,1,沙田全天候跑道,1200,好地,1.10.96,25.6   23.0   22.3
01/12/2025,2,沙田全天候跑道,1200,好地,1.10.79,25.2   22.8   22.7
01/12/2025,3,沙田全天候跑道,1200,好地,1.10.26,24.8   22.7   22.7
01/12/2025,4,沙田全天候跑道,1200,好地,1.10.76,24.8   22.7   23.2
28/11/2025,1,沙田全天候跑道,1200,好地,1.10.96,25.6   23.0   22.3
28/11/2025,2,沙田全天候跑道,1200,好地,1.10.79,25.2   22.8   22.7
28/11/2025,3,沙田全天候跑道,1200,好地,1.10.26,24.8   22.7   22.7
28/11/2025,4,沙田全天候跑道,1200,好地,1.10.76,24.8   22.7   23.2
27/11/2025,1,沙田全天候跑道,1200,好地,1.10.96,25.6   23.0   22.3
27/11/2025,2,沙田全天候跑道,1200,好地,1.10.79,25.2   22.8   22.7
27/11/2025,3,沙田全天候跑道,1200,好地,1.10.26,24.8   22.7   22.7
27/11/2025,4,沙田全天候跑道,1200,好地,1.10.76,24.8   22.7   23.2
25/11/2025,1,沙田全天候跑道,1200,好地,1.10.96,25.6   23.0   22.3
25/11/2025,2,沙田全天候跑道,1200,好地,1.10.79,25.2   22.8   22.7
25/11/2025,3,沙田全天候跑道,1200,好地,1.10.26,24.8   22.7   22.7
25/11/2025,4,沙田全天候跑道,1200,好地,1.10.76,24.8   22.7   23.2
21/11/2025,1,沙田全天候跑道,1200,好地,1.10.96,25.6   23.0   22.3
21/11/2025,2,沙田全天候跑道,1200,好地,1.10.79,25.2   22.8   22.7
21/11/2025,3,沙田全天候跑道,1200,好地,1.10.26,24.8   22.7   22.7
21/11/2025,4,沙田全天候跑道,1200,好地,1.10.76,24.8   22.7   23.2
20/11/2025,1,沙田全天候跑道,1200,好地,1.10.96,25.6   23.0   22.3
20/11/2025,2,沙田全天候跑道,1200,好地,1.10.79,25.2   22.8   22.7
20/11/2025,3,沙田全天候跑道,1200,好地,1.10.26,24.8   22.7   22.7
20/11/2025,4,沙田全天候跑道,1200,好地,1.10.76,24.8   22.7   23.2
18/11/2025,1,沙田全天候跑道,1200,好地,1.10.96,25.6   23.0   22.3
18/11/2025,2,沙田全天候跑道,1200,好地,1.10.79,25.2   22.8   22.7
18/11/2025,3,沙田全天候跑道,1200,好地,1.10.26,24.8   22.7   22.7
18/11/2025,4,沙田全天候跑道,1200,好地,1.10.76,24.8   22.7   23.2
17/11/2025,1,沙田全天候跑道,1200,好地,1.10.96,25.6   23.0   22.3
17/11/2025,2,沙田全天候跑道,1200,好地,1.10.79,25.2   22.8   22.7
17/11/2025,3,沙田全天候跑道,1200,好地,1.10.26,24.8   22.7   22.7
17/11/2025,4,沙田全天候跑道,1200,好地,1.10.76,24.8   22.7   23.2
14/11/2025,1,沙田全天候跑道,1200,好地,1.10.96,25.6   23.0   22.3
14/11/2025,2,沙田全天候跑道,1200,好地,1.10.79,25.2   22.8   22.7
14/11/2025,3,沙田全天候跑道,1200,好地,1.10.26,24.8   22.7   22.7
14/11/2025,4,沙田全天候跑道,1200,好地,1.10.76,24.8   22.7   23.2
13/11/2025,1,沙田全天候跑道,1200,好地,1.10.96,25.6   23.0   22.3
13/11/2025,2,沙田全天候跑道,1200,好地,1.10.79,25.2   22.8   22.7
13/11/2025,3,沙田全天候跑道,1200,好地,1.10.26,24.8   22.7   22.7
13/11/2025,4,沙田全天候跑道,1200,好地,1.10.76,24.8   22.7   23.2
11/11/2025,1,沙田全天候跑道,1200,好地,1.10.96,25.6   23.0   22.3
11/11/2025,2,沙田全天候跑道,1200,好地,1.10.79,25.2   22.8   22.7
11/11/2025,3,沙田全天候跑道,1200,好地,1.10.26,24.8   22.7   22.7
11/11/2025,4,沙田全天候跑道,1200,好地,1.10.76,24.8   22.7   23.2
07/11/2025,1,沙田全天候跑道,1200,好地,1.10.96,25.6   23.0   22.3
07/11/2025,2,沙田全天候跑道,1200,好地,1.10.79,25.2   22.8   22.7
07/11/2025,3,沙田全天候跑道,1200,好地,1.10.26,24.8   22.7   22.7
07/11/2025,4,沙田全天候跑道,1200,好地,1.10.76,24.8   22.7   23.2
06/11/2025,1,沙田全天候跑道,1200,好地,1.10.96,25.6   23.0   22.3
06/11/2025,2,沙田全天候跑道,1200,好地,1.10.79,25.2   22.8   22.7
06/11/2025,3,沙田全天候跑道,1200,好地,1.10.26,24.8   22.7   22.7
06/11/2025,4,沙田全天候跑道,1200,好地,1.10.76,24.8   22.7   23.2
04/11/2025,1,沙田全天候跑道,1200,好地,1.10.96,25.6   23.0   22.3
04/11/2025,2,沙田全天候跑道,1200,好地,1.10.79,25.2   22.8   22.7
04/11/2025,3,沙田全天候跑道,1200,好地,1.10.26,24.8   22.7   22.7
04/11/2025,4,沙田全天候跑道,1200,好地,1.10.76,24.8   22.7   23.2
31/10/2025,1,沙田全天候跑道,1200,好地,1.10.96,25.6   23.0   22.3
31/10/2025,2,沙田全天候跑道,1200,好地,1.10.79,25.2   22.8   22.7
31/10/2025,3,沙田全天候跑道,1200,好地,1.10.26,24.8   22.7   22.7
31/10/2025,4,沙田全天候跑道,1200,好地,1.10.76,24.8   22.7   23.2
30/10/2025,1,沙田全天候跑道,1200,好地,1.10.96,25.6   23.0   22.3
30/10/2025,2,沙田全天候跑道,1200,好地,1.10.79,25.2   22.8   22.7
30/10/2025,3,沙田全天候跑道,1200,好地,1.10.26,24.8   22.7   22.7
30/10/2025,4,沙田全天候跑道,1200,好地,1.10.76,24.8   22.7   23.2
28/10/2025,1,沙田全天候跑道,1200,好地,1.10.96,25.6   23.0   22.3
28/10/2025,2,沙田全天候跑道,1200,好地,1.10.79,25.2   22.8   22.7
28/10/2025,3,沙田全天候跑道,1200,好地,1.10.26,24.8   22.7   22.7
28/10/2025,4,沙田全天候跑道,1200,好地,1.10.76,24.8   22.7   23.2
27/10/2025,1,沙田全天候跑道,1200,好地,1.10.96,25.6   23.0   22.3
27/10/2025,2,沙田全天候跑道,1200,好地,1.10.79,25.2   22.8   22.7
27/10/2025,3,沙田全天候跑道,1200,好地,1.10.26,24.8   22.7   22.7
27/10/2025,4,沙田全天候跑道,1200,好地,1.10.76,24.8   22.7   23.2
24/10/2025,1,沙田全天候跑道,1200,好地,1.10.96,25.6   23.0   22.3
24/10/2025,2,沙田全天候跑道,1200,好地,1.10.79,25.2   22.8   22.7
24/10/2025,3,沙田全天候跑道,1200,好地,1.10.26,24.8   22.7   22.7
24/10/2025,4,沙田全天候跑道,1200,好地,1.10.76,24.8   22.7   23.2
23/10/2025,1,沙田全天候跑道,1200,好地,1.10.96,25.6   23.0   22.3
23/10/2025,2,沙田全天候跑道,1200,好地,1.10.79,25.2   22.8   22.7
23/10/2025,3,沙田全天候跑道,1200,好地,1.10.26,24.8   22.7   22.7
23/10/2025,4,沙田全天候跑道,1200,好地,1.10.76,24.8   22.7   23.2
21/10/2025,1,沙田全天候跑道,1200,好地,1.10.96,25.6   23.0   22.3
21/10/2025,2,沙田全天候跑道,1200,好地,1.10.79,25.2   22.8   22.7
21/10/2025,3,沙田全天候跑道,1200,好地,1.10.26,24.8   22.7   22.7
21/10/2025,4,沙田全天候跑道,1200,好地,1.10.76,24.8   22.7   23.2
18/10/2025,1,沙田全天候跑道,1200,好地,1.10.96,25.6   23.0   22.3
18/10/2025,2,沙田全天候跑道,1200,好地,1.10.79,25.2   22.8   22.7
18/10/2025,3,沙田全天候跑道,1200,好地,1.10.26,24.8   22.7   22.7
18/10/2025,4,沙田全天候跑道,1200,好地,1.10.76,24.8   22.7   23.2
17/10/2025,1,沙田全天候跑道,1200,好地,1.10.96,25.6   23.0   22.3
17/10/2025,2,沙田全天候跑道,1200,好地,1.10.79,25.2   22.8   22.7
17/10/2025,3,沙田全天候跑道,1200,好地,1.10.26,24.8   22.7   22.7
17/10/2025,4,沙田全天候跑道,1200,好地,1.10.76,24.8   22.7   23.2
16/10/2025,1,沙田全天候跑道,1200,好地,1.10.96,25.6   23.0   22.3
16/10/2025,2,沙田全天候跑道,1200,好地,1.10.79,25.2   22.8   22.7
16/10/2025,3,沙田全天候跑道,1200,好地,1.10.26,24.8   22.7   22.7
16/10/2025,4,沙田全天候跑道,1200,好地,1.10.76,24.8   22.7   23.2
14/10/2025,1,沙田全天候跑道,1200,好地,1.10.96,25.6   23.0   22.3
14/10/2025,2,沙田全天候跑道,1200,好地,1.10.79,25.2   22.8   22.7
14/10/2025,3,沙田全天候跑道,1200,好地,1.10.26,24.8   22.7   22.7
14/10/2025,4,沙田全天候跑道,1200,好地,1.10.76,24.8   22.7   23.2
13/10/2025,1,沙田全天候跑道,1200,好地,1.10.96,25.6   23.0   22.3
13/10/2025,2,沙田全天候跑道,1200,好地,1.10.79,25.2   22.8   22.7
13/10/2025,3,沙田全天候跑道,1200,好地,1.10.26,24.8   22.7   22.7
13/10/2025,4,沙田全天候跑道,1200,好地,1.10.76,24.8   22.7   23.2
10/10/2025,1,沙田全天候跑道,1200,好地,1.10.96,25.6   23.0   22.3
10/10/2025,2,沙田全天候跑道,1200,好地,1.10.79,25.2   22.8   22.7
10/10/2025,3,沙田全天候跑道,1200,好地,1.10.26,24.8   22.7   22.7
10/10/2025,4,沙田全天候跑道,1200,好地,1.10.76,24.8   22.7   23.2
09/10/2025,1,沙田全天候跑道,1200,好地,1.10.96,25.6   23.0   22.3
09/10/2025,2,沙田全天候跑道,1200,好地,1.10.79,25.2   22.8   22.7
09/10/2025,3,沙田全天候跑道,1200,好地,1.10.26,24.8   22.7   22.7
09/10/2025,4,沙田全天候跑道,1200,好地,1.10.76,24.8   22.7   23.2
06/10/2025,1,沙田全天候跑道,1200,好地,1.10.96,25.6   23.0   22.3
06/10/2025,2,沙田全天候跑道,1200,好地,1.10.79,25.2   22.8   22.7
06/10/2025,3,沙田全天候跑道,1200,好地,1.10.26,24.8   22.7   22.7
06/10/2025,4,沙田全天候跑道,1200,好地,1.10.76,24.8   22.7   23.2
03/10/2025,1,沙田全天候跑道,1200,好地,1.10.96,25.6   23.0   22.3
03/10/2025,2,沙田全天候跑道,1200,好地,1.10.79,25.2   22.8   22.7
03/10/2025,3,沙田全天候跑道,1200,好地,1.10.26,24.8   22.7   22.7
03/10/2025,4,沙田全天候跑道,1200,好地,1.10.76,24.8   22.7   23.2
30/09/2025,1,沙田全天候跑道,1200,好地,1.10.96,25.6   23.0   22.3
30/09/2025,2,沙田全天候跑道,1200,好地,1.10.79,25.2   22.8   22.7
30/09/2025,3,沙田全天候跑道,1200,好地,1.10.26,24.8   22.7   22.7
30/09/2025,4,沙田全天候跑道,1200,好地,1.10.76,24.8   22.7   23.2
29/09/2025,1,沙田全天候跑道,1200,好地,1.10.96,25.6   23.0   22.3
29/09/2025,2,沙田全天候跑道,1200,好地,1.10.79,25.2   22.8   22.7
29/09/2025,3,沙田全天候跑道,1200,好地,1.10.26,24.8   22.7   22.7
29/09/2025,4,沙田全天候跑道,1200,好地,1.10.76,24.8   22.7   23.2
27/09/2025,1,沙田全天候跑道,1200,好地,1.10.96,25.6   23.0   22.3
27/09/2025,2,沙田全天候跑道,1200,好地,1.10.79,25.2   22.8   22.7
27/09/2025,3,沙田全天候跑道,1200,好地,1.10.26,24.8   22.7   22.7
27/09/2025,4,沙田全天候跑道,1200,好地,1.10.76,24.8   22.7   23.2
26/09/2025,1,沙田全天候跑道,1200,好地,1.10.96,25.6   23.0   22.3
26/09/2025,2,沙田全天候跑道,1200,好地,1.10.79,25.2   22.8   22.7
26/09/2025,3,沙田全天候跑道,1200,好地,1.10.26,24.8   22.7   22.7
26/09/2025,4,沙田全天候跑道,1200,好地,1.10.76,24.8   22.7   23.2
23/09/2025,1,沙田全天候跑道,1200,好地,1.10.96,25.6   23.0   22.3
23/09/2025,2,沙田全天候跑道,1200,好地,1.10.79,25.2   22.8   22.7
23/09/2025,3,沙田全天候跑道,1200,好地,1.10.26,24.8   22.7   22.7
23/09/2025,4,沙田全天候跑道,1200,好地,1.10.76,24.8   22.7   23.2
19/09/2025,1,沙田全天候跑道,1200,好地,1.10.96,25.6   23.0   22.3
19/09/2025,2,沙田全天候跑道,1200,好地,1.10.79,25.2   22.8   22.7
19/09/2025,3,沙田全天候跑道,1200,好地,1.10.26,24.8   22.7   22.7
19/09/2025,4,沙田全天候跑道,1200,好地,1.10.76,24.8   22.7   23.2
18/09/2025,1,沙田全天候跑道,1200,好地,1.10.96,25.6   23.0   22.3
18/09/2025,2,沙田全天候跑道,1200,好地,1.10.79,25.2   22.8   22.7
18/09/2025,3,沙田全天候跑道,1200,好地,1.10.26,24.8   22.7   22.7
18/09/2025,4,沙田全天候跑道,1200,好地,1.10.76,24.8   22.7   23.2
16/09/2025,1,沙田全天候跑道,1200,好地,1.10.96,25.6   23.0   22.3
16/09/2025,2,沙田全天候跑道,1200,好地,1.10.79,25.2   22.8   22.7
16/09/2025,3,沙田全天候跑道,1200,好地,1.10.26,24.8   22.7   22.7
16/09/2025,4,沙田全天候跑道,1200,好地,1.10.76,24.8   22.7   23.2
12/09/2025,1,沙田全天候跑道,1200,好地,1.10.96,25.6   23.0   22.3
12/09/2025,2,沙田全天候跑道,1200,好地,1.10.79,25.2   22.8   22.7
12/09/2025,3,沙田全天候跑道,1200,好地,1.10.26,24.8   22.7   22.7
12/09/2025,4,沙田全天候跑道,1200,好地,1.10.76,24.8   22.7   23.2
11/09/2025,1,沙田全天候跑道,1200,好地,1.10.96,25.6   23.0   22.3
11/09/2025,2,沙田全天候跑道,1200,好地,1.10.79,25.2   22.8   22.7
11/09/2025,3,沙田全天候跑道,1200,好地,1.10.26,24.8   22.7   22.7
11/09/2025,4,沙田全天候跑道,1200,好地,1.10.76,24.8   22.7   23.2
09/09/2025,1,沙田全天候跑道,1200,好地,1.10.96,25.6   23.0   22.3
09/09/2025,2,沙田全天候跑道,1200,好地,1.10.79,25.2   22.8   22.7
09/09/2025,3,沙田全天候跑道,1200,好地,1.10.26,24.8   22.7   22.7
09/09/2025,4,沙田全天候跑道,1200,好地,1.10.76,24.8   22.7   23.2
08/09/2025,1,沙田全天候跑道,1200,好地,1.10.96,25.6   23.0   22.3
08/09/2025,2,沙田全天候跑道,1200,好地,1.10.79,25.2   22.8   22.7
08/09/2025,3,沙田全天候跑道,1200,好地,1.10.26,24.8   22.7   22.7
08/09/2025,4,沙田全天候跑道,1200,好地,1.10.76,24.8   22.7   23.2
05/09/2025,1,沙田全天候跑道,1200,好地,1.10.96,25.6   23.0   22.3
05/09/2025,2,沙田全天候跑道,1200,好地,1.10.79,25.2   22.8   22.7
05/09/2025,3,沙田全天候跑道,1200,好地,1.10.26,24.8   22.7   22.7
05/09/2025,4,沙田全天候跑道,1200,好地,1.10.76,24.8   22.7   23.2
04/09/2025,1,沙田全天候跑道,1200,好地,1.10.96,25.6   23.0   22.3
04/09/2025,2,沙田全天候跑道,1200,好地,1.10.79,25.2   22.8   22.7
04/09/2025,3,沙田全天候跑道,1200,好地,1.10.26,24.8   22.7   22.7
04/09/2025,4,沙田全天候跑道,1200,好地,1.10.76,24.8   22.7   23.2
03/09/2025,1,沙田全天候跑道,1200,好地,1.10.96,25.6   23.0   22.3
03/09/2025,2,沙田全天候跑道,1200,好地,1.10.79,25.2   22.8   22.7
03/09/2025,3,沙田全天候跑道,1200,好地,1.10.26,24.8   22.7   22.7
03/09/2025,4,沙田全天候跑道,1200,好地,1.10.76,24.8   22.7   23.2
02/09/2025,1,沙田全天候跑道,1200,好地,1.10.96,25.6   23.0   22.3
02/09/2025,2,沙田全天候跑道,1200,好地,1.10.79,25.2   22.8   22.7
02/09/2025,3,沙田全天候跑道,1200,好地,1.10.26,24.8   22.7   22.7
02/09/2025,4,沙田全天候跑道,1200,好地,1.10.76,24.8   22.7   23.2
01/09/2025,1,沙田全天候跑道,1200,好地,1.10.96,25.6   23.0   22.3
01/09/2025,2,沙田全天候跑道,1200,好地,1.10.79,25.2   22.8   22.7
01/09/2025,3,沙田全天候跑道,1200,好地,1.10.26,24.8   22.7   22.7
01/09/2025,4,沙田全天候跑道,1200,好地,1.10.76,24.8   22.7   23.2
30/08/2025,1,沙田全天候跑道,1200,好地,1.10.96,25.6   23.0   22.3
30/08/2025,2,沙田全天候跑道,1200,好地,1.10.79,25.2   22.8   22.7
30/08/2025,3,沙田全天候跑道,1200,好地,1.10.26,24.8   22.7   22.7
30/08/2025,4,沙田全天候跑道,1200,好地,1.10.76,24.8   22.7   23.2
29/08/2025,1,沙田全天候跑道,1200,好地,1.10.96,25.6   23.0   22.3
29/08/2025,2,沙田全天候跑道,1200,好地,1.10.79,25.2   22.8   22.7
29/08/2025,3,沙田全天候跑道,1200,好地,1.10.26,24.8   22.7   22.7
29/08/2025,4,沙田全天候跑道,1200,好地,1.10.76,24.8   22.7   23.2
27/08/2025,1,沙田全天候跑道,1200,好地,1.10.96,25.6   23.0   22.3
27/08/2025,2,沙田全天候跑道,1200,好地,1.10.79,25.2   22.8   22.7
27/08/2025,3,沙田全天候跑道,1200,好地,1.10.26,24.8   22.7   22.7
27/08/2025,4,沙田全天候跑道,1200,好地,1.10.76,24.8   22.7   23.2
26/08/2025,1,沙田全天候跑道,1200,好地,1.10.96,25.6   23.0   22.3
26/08/2025,2,沙田全天候跑道,1200,好地,1.10.79,25.2   22.8   22.7
26/08/2025,3,沙田全天候跑道,1200,好地,1.10.26,24.8   22.7   22.7
26/08/2025,4,沙田全天候跑道,1200,好地,1.10.76,24.8   22.7   23.2
25/08/2025,1,沙田全天候跑道,1200,好地,1.10.96,25.6   23.0   22.3
25/08/2025,2,沙田全天候跑道,1200,好地,1.10.79,25.2   22.8   22.7
25/08/2025,3,沙田全天候跑道,1200,好地,1.10.26,24.8   22.7   22.7
25/08/2025,4,沙田全天候跑道,1200,好地,1.10.76,24.8   22.7   23.2
22/08/2025,1,沙田全天候跑道,1200,好地,1.10.96,25.6   23.0   22.3
22/08/2025,2,沙田全天候跑道,1200,好地,1.10.79,25.2   22.8   22.7
22/08/2025,3,沙田全天候跑道,1200,好地,1.10.26,24.8   22.7   22.7
22/08/2025,4,沙田全天候跑道,1200,好地,1.10.76,24.8   22.7   23.2
21/08/2025,1,沙田全天候跑道,1200,好地,1.10.96,25.6   23.0   22.3
21/08/2025,2,沙田全天候跑道,1200,好地,1.10.79,25.2   22.8   22.7
21/08/2025,3,沙田全天候跑道,1200,好地,1.10.26,24.8   22.7   22.7
21/08/2025,4,沙田全天候跑道,1200,好地,1.10.76,24.8   22.7   23.2
11/07/2025,1,沙田全天候跑道,1200,好地,1.10.96,25.6   23.0   22.3
11/07/2025,2,沙田全天候跑道,1200,好地,1.10.79,25.2   22.8   22.7
11/07/2025,3,沙田全天候跑道,1200,好地,1.10.26,24.8   22.7   22.7
11/07/2025,4,沙田全天候跑道,1200,好地,1.10.76,24.8   22.7   23.2
08/07/2025,1,沙田全天候跑道,1200,好地,1.10.96,25.6   23.0   22.3
08/07/2025,2,沙田全天候跑道,1200,好地,1.10.79,25.2   22.8   22.7
08/07/2025,3,沙田全天候跑道,1200,好地,1.10.26,24.8   22.7   22.7
08/07/2025,4,沙田全天候跑道,1200,好地,1.10.76,24.8   22.7   23.2
04/07/2025,1,沙田全天候跑道,1200,好地,1.10.96,25.6   23.0   22.3
04/07/2025,2,沙田全天候跑道,1200,好地,1.10.79,25.2   22.8   22.7
04/07/2025,3,沙田全天候跑道,1200,好地,1.10.26,24.8   22.7   22.7
04/07/2025,4,沙田全天候跑道,1200,好地,1.10.76,24.8   22.7   23.2
03/07/2025,1,沙田全天候跑道,1200,好地,1.10.96,25.6   23.0   22.3
03/07/2025,2,沙田全天候跑道,1200,好地,1.10.79,25.2   22.8   22.7
03/07/2025,3,沙田全天候跑道,1200,好地,1.10.26,24.8   22.7   22.7
03/07/2025,4,沙田全天候跑道,1200,好地,1.10.76,24.8   22.7   23.2
30/06/2025,1,沙田全天候跑道,1200,好地,1.10.96,25.6   23.0   22.3
30/06/2025,2,沙田全天候跑道,1200,好地,1.10.79,25.2   22.8   22.7
30/06/2025,3,沙田全天候跑道,1200,好地,1.10.26,24.8   22.7   22.7
30/06/2025,4,沙田全天候跑道,1200,好地,1.10.76,24.8   22.7   23.2
27/06/2025,1,沙田全天候跑道,1200,好地,1.10.96,25.6   23.0   22.3
27/06/2025,2,沙田全天候跑道,1200,好地,1.10.79,25.2   22.8   22.7
27/06/2025,3,沙田全天候跑道,1200,好地,1.10.26,24.8   22.7   22.7
27/06/2025,4,沙田全天候跑道,1200,好地,1.10.76,24.8   22.7   23.2
26/06/2025,1,沙田全天候跑道,1200,好地,1.10.96,25.6   23.0   22.3
26/06/2025,2,沙田全天候跑道,1200,好地,1.10.79,25.2   22.8   22.7
26/06/2025,3,沙田全天候跑道,1200,好地,1.10.26,24.8   22.7   22.7
26/06/2025,4,沙田全天候跑道,1200,好地,1.10.76,24.8   22.7   23.2
24/06/2025,1,沙田全天候跑道,1200,好地,1.10.96,25.6   23.0   22.3
24/06/2025,2,沙田全天候跑道,1200,好地,1.10.79,25.2   22.8   22.7
24/06/2025,3,沙田全天候跑道,1200,好地,1.10.26,24.8   22.7   22.7
24/06/2025,4,沙田全天候跑道,1200,好地,1.10.76,24.8   22.7   23.2
23/06/2025,1,沙田全天候跑道,1200,好地,1.10.96,25.6   23.0   22.3
23/06/2025,2,沙田全天候跑道,1200,好地,1.10.79,25.2   22.8   22.7
23/06/2025,3,沙田全天候跑道,1200,好地,1.10.26,24.8   22.7   22.7
23/06/2025,4,沙田全天候跑道,1200,好地,1.10.76,24.8   22.7   23.2
20/06/2025,1,沙田全天候跑道,1200,好地,1.10.96,25.6   23.0   22.3
20/06/2025,2,沙田全天候跑道,1200,好地,1.10.79,25.2   22.8   22.7
20/06/2025,3,沙田全天候跑道,1200,好地,1.10.26,24.8   22.7   22.7
20/06/2025,4,沙田全天候跑道,1200,好地,1.10.76,24.8   22.7   23.2
19/06/2025,1,沙田全天候跑道,1200,好地,1.10.96,25.6   23.0   22.3
19/06/2025,2,沙田全天候跑道,1200,好地,1.10.79,25.2   22.8   22.7
19/06/2025,3,沙田全天候跑道,1200,好地,1.10.26,24.8   22.7   22.7
19/06/2025,4,沙田全天候跑道,1200,好地,1.10.76,24.8   22.7   23.2
17/06/2025,1,沙田全天候跑道,1200,好地,1.10.96,25.6   23.0   22.3
17/06/2025,2,沙田全天候跑道,1200,好地,1.10.79,25.2   22.8   22.7
17/06/2025,3,沙田全天候跑道,1200,好地,1.10.26,24.8   22.7   22.7
17/06/2025,4,沙田全天候跑道,1200,好地,1.10.76,24.8   22.7   23.2
13/06/2025,1,沙田全天候跑道,1200,好地,1.10.96,25.6   23.0   22.3
13/06/2025,2,沙田全天候跑道,1200,好地,1.10.79,25.2   22.8   22.7
13/06/2025,3,沙田全天候跑道,1200,好地,1.10.26,24.8   22.7   22.7
13/06/2025,4,沙田全天候跑道,1200,好地,1.10.76,24.8   22.7   23.2
12/06/2025,1,沙田全天候跑道,1200,好地,1.10.96,25.6   23.0   22.3
12/06/2025,2,沙田全天候跑道,1200,好地,1.10.79,25.2   22.8   22.7
12/06/2025,3,沙田全天候跑道,1200,好地,1.10.26,24.8   22.7   22.7
12/06/2025,4,沙田全天候跑道,1200,好地,1.10.76,24.8   22.7   23.2
10/06/2025,1,沙田全天候跑道,1200,好地,1.10.96,25.6   23.0   22.3
10/06/2025,2,沙田全天候跑道,1200,好地,1.10.79,25.2   22.8   22.7
10/06/2025,3,沙田全天候跑道,1200,好地,1.10.26,24.8   22.7   22.7
10/06/2025,4,沙田全天候跑道,1200,好地,1.10.76,24.8   22.7   23.2
09/06/2025,1,沙田全天候跑道,1200,好地,1.10.96,25.6   23.0   22.3
09/06/2025,2,沙田全天候跑道,1200,好地,1.10.79,25.2   22.8   22.7
09/06/2025,3,沙田全天候跑道,1200,好地,1.10.26,24.8   22.7   22.7
09/06/2025,4,沙田全天候跑道,1200,好地,1.10.76,24.8   22.7   23.2
06/06/2025,1,沙田全天候跑道,1200,好地,1.10.96,25.6   23.0   22.3
06/06/2025,2,沙田全天候跑道,1200,好地,1.10.79,25.2   22.8   22.7
06/06/2025,3,沙田全天候跑道,1200,好地,1.10.26,24.8   22.7   22.7
06/06/2025,4,沙田全天候跑道,1200,好地,1.10.76,24.8   22.7   23.2
05/06/2025,1,沙田全天候跑道,1200,好地,1.10.96,25.6   23.0   22.3
05/06/2025,2,沙田全天候跑道,1200,好地,1.10.79,25.2   22.8   22.7
05/06/2025,3,沙田全天候跑道,1200,好地,1.10.26,24.8   22.7   22.7
05/06/2025,4,沙田全天候跑道,1200,好地,1.10.76,24.8   22.7   23.2
03/06/2025,1,沙田全天候跑道,1200,好地,1.10.96,25.6   23.0   22.3
03/06/2025,2,沙田全天候跑道,1200,好地,1.10.79,25.2   22.8   22.7
03/06/2025,3,沙田全天候跑道,1200,好地,1.10.26,24.8   22.7   22.7
03/06/2025,4,沙田全天候跑道,1200,好地,1.10.76,24.8   22.7   23.2
30/05/2025,1,沙田全天候跑道,1200,好地,1.10.96,25.6   23.0   22.3
30/05/2025,2,沙田全天候跑道,1200,好地,1.10.79,25.2   22.8   22.7
30/05/2025,3,沙田全天候跑道,1200,好地,1.10.26,24.8   22.7   22.7
30/05/2025,4,沙田全天候跑道,1200,好地,1.10.76,24.8   22.7   23.2
29/05/2025,1,沙田全天候跑道,1200,好地,1.10.96,25.6   23.0   22.3
29/05/2025,2,沙田全天候跑道,1200,好地,1.10.79,25.2   22.8   22.7
29/05/2025,3,沙田全天候跑道,1200,好地,1.10.26,24.8   22.7   22.7
29/05/2025,4,沙田全天候跑道,1200,好地,1.10.76,24.8   22.7   23.2
27/05/2025,1,沙田全天候跑道,1200,好地,1.10.96,25.6   23.0   22.3
27/05/2025,2,沙田全天候跑道,1200,好地,1.10.79,25.2   22.8   22.7
27/05/2025,3,沙田全天候跑道,1200,好地,1.10.26,24.8   22.7   22.7
27/05/2025,4,沙田全天候跑道,1200,好地,1.10.76,24.8   22.7   23.2
26/05/2025,1,沙田全天候跑道,1200,好地,1.10.96,25.6   23.0   22.3
26/05/2025,2,沙田全天候跑道,1200,好地,1.10.79,25.2   22.8   22.7
26/05/2025,3,沙田全天候跑道,1200,好地,1.10.26,24.8   22.7   22.7
26/05/2025,4,沙田全天候跑道,1200,好地,1.10.76,24.8   22.7   23.2
23/05/2025,1,沙田全天候跑道,1200,好地,1.10.96,25.6   23.0   22.3
23/05/2025,2,沙田全天候跑道,1200,好地,1.10.79,25.2   22.8   22.7
23/05/2025,3,沙田全天候跑道,1200,好地,1.10.26,24.8   22.7   22.7
23/05/2025,4,沙田全天候跑道,1200,好地,1.10.76,24.8   22.7   23.2
22/05/2025,1,沙田全天候跑道,1200,好地,1.10.96,25.6   23.0   22.3
22/05/2025,2,沙田全天候跑道,1200,好地,1.10.79,25.2   22.8   22.7
22/05/2025,3,沙田全天候跑道,1200,好地,1.10.26,24.8   22.7   22.7
22/05/2025,4,沙田全天候跑道,1200,好地,1.10.76,24.8   22.7   23.2
20/05/2025,1,沙田全天候跑道,1200,好地,1.10.96,25.6   23.0   22.3
20/05/2025,2,沙田全天候跑道,1200,好地,1.10.79,25.2   22.8   22.7
20/05/2025,3,沙田全天候跑道,1200,好地,1.10.26,24.8   22.7   22.7
20/05/2025,4,沙田全天候跑道,1200,好地,1.10.76,24.8   22.7   23.2
16/05/2025,1,沙田全天候跑道,1200,好地,1.10.96,25.6   23.0   22.3
16/05/2025,2,沙田全天候跑道,1200,好地,1.10.79,25.2   22.8   22.7
16/05/2025,3,沙田全天候跑道,1200,好地,1.10.26,24.8   22.7   22.7
16/05/2025,4,沙田全天候跑道,1200,好地,1.10.76,24.8   22.7   23.2
15/05/2025,1,沙田全天候跑道,1200,好地,1.10.96,25.6   23.0   22.3
15/05/2025,2,沙田全天候跑道,1200,好地,1.10.79,25.2   22.8   22.7
15/05/2025,3,沙田全天候跑道,1200,好地,1.10.26,24.8   22.7   22.7
15/05/2025,4,沙田全天候跑道,1200,好地,1.10.76,24.8   22.7   23.2
13/05/2025,1,沙田全天候跑道,1200,好地,1.10.96,25.6   23.0   22.3
13/05/2025,2,沙田全天候跑道,1200,好地,1.10.79,25.2   22.8   22.7
13/05/2025,3,沙田全天候跑道,1200,好地,1.10.26,24.8   22.7   22.7
13/05/2025,4,沙田全天候跑道,1200,好地,1.10.76,24.8   22.7   23.2
12/05/2025,1,沙田全天候跑道,1200,好地,1.10.96,25.6   23.0   22.3
12/05/2025,2,沙田全天候跑道,1200,好地,1.10.79,25.2   22.8   22.7
12/05/2025,3,沙田全天候跑道,1200,好地,1.10.26,24.8   22.7   22.7
12/05/2025,4,沙田全天候跑道,1200,好地,1.10.76,24.8   22.7   23.2
09/05/2025,1,沙田全天候跑道,1200,好地,1.10.96,25.6   23.0   22.3
09/05/2025,2,沙田全天候跑道,1200,好地,1.10.79,25.2   22.8   22.7
09/05/2025,3,沙田全天候跑道,1200,好地,1.10.26,24.8   22.7   22.7
09/05/2025,4,沙田全天候跑道,1200,好地,1.10.76,24.8   22.7   23.2
08/05/2025,1,沙田全天候跑道,1200,好地,1.10.96,25.6   23.0   22.3
08/05/2025,2,沙田全天候跑道,1200,好地,1.10.79,25.2   22.8   22.7
08/05/2025,3,沙田全天候跑道,1200,好地,1.10.26,24.8   22.7   22.7
08/05/2025,4,沙田全天候跑道,1200,好地,1.10.76,24.8   22.7   23.2
06/05/2025,1,沙田全天候跑道,1200,好地,1.10.96,25.6   23.0   22.3
06/05/2025,2,沙田全天候跑道,1200,好地,1.10.79,25.2   22.8   22.7
06/05/2025,3,沙田全天候跑道,1200,好地,1.10.26,24.8   22.7   22.7
06/05/2025,4,沙田全天候跑道,1200,好地,1.10.76,24.8   22.7   23.2
05/05/2025,1,沙田全天候跑道,1200,好地,1.10.96,25.6   23.0   22.3
05/05/2025,2,沙田全天候跑道,1200,好地,1.10.79,25.2   22.8   22.7
05/05/2025,3,沙田全天候跑道,1200,好地,1.10.26,24.8   22.7   22.7
05/05/2025,4,沙田全天候跑道,1200,好地,1.10.76,24.8   22.7   23.2
02/05/2025,1,沙田全天候跑道,1200,好地,1.10.96,25.6   23.0   22.3
02/05/2025,2,沙田全天候跑道,1200,好地,1.10.79,25.2   22.8   22.7
02/05/2025,3,沙田全天候跑道,1200,好地,1.10.26,24.8   22.7   22.7
02/05/2025,4,沙田全天候跑道,1200,好地,1.10.76,24.8   22.7   23.2
29/04/2025,1,沙田全天候跑道,1200,好地,1.10.96,25.6   23.0   22.3
29/04/2025,2,沙田全天候跑道,1200,好地,1.10.79,25.2   22.8   22.7
29/04/2025,3,沙田全天候跑道,1200,好地,1.10.26,24.8   22.7   22.7
29/04/2025,4,沙田全天候跑道,1200,好地,1.10.76,24.8   22.7   23.2
28/04/2025,1,沙田全天候跑道,1200,好地,1.10.96,25.6   23.0   22.3
28/04/2025,2,沙田全天候跑道,1200,好地,1.10.79,25.2   22.8   22.7
28/04/2025,3,沙田全天候跑道,1200,好地,1.10.26,24.8   22.7   22.7
28/04/2025,4,沙田全天候跑道,1200,好地,1.10.76,24.8   22.7   23.2
25/04/2025,1,沙田全天候跑道,1200,好地,1.10.96,25.6   23.0   22.3
25/04/2025,2,沙田全天候跑道,1200,好地,1.10.79,25.2   22.8   22.7
25/04/2025,3,沙田全天候跑道,1200,好地,1.10.26,24.8   22.7   22.7
25/04/2025,4,沙田全天候跑道,1200,好地,1.10.76,24.8   22.7   23.2
24/04/2025,1,沙田全天候跑道,1200,好地,1.10.96,25.6   23.0   22.3
24/04/2025,2,沙田全天候跑道,1200,好地,1.10.79,25.2   22.8   22.7
24/04/2025,3,沙田全天候跑道,1200,好地,1.10.26,24.8   22.7   22.7
24/04/2025,4,沙田全天候跑道,1200,好地,1.10.76,24.8   22.7   23.2
22/04/2025,1,沙田全天候跑道,1200,好地,1.10.96,25.6   23.0   22.3
22/04/2025,2,沙田全天候跑道,1200,好地,1.10.79,25.2   22.8   22.7
22/04/2025,3,沙田全天候跑道,1200,好地,1.10.26,24.8   22.7   22.7
22/04/2025,4,沙田全天候跑道,1200,好地,1.10.76,24.8   22.7   23.2
17/04/2025,1,沙田全天候跑道,1200,好地,1.10.96,25.6   23.0   22.3
17/04/2025,2,沙田全天候跑道,1200,好地,1.10.79,25.2   22.8   22.7
17/04/2025,3,沙田全天候跑道,1200,好地,1.10.26,24.8   22.7   22.7
17/04/2025,4,沙田全天候跑道,1200,好地,1.10.76,24.8   22.7   23.2
15/04/2025,1,沙田全天候跑道,1200,好地,1.10.96,25.6   23.0   22.3
15/04/2025,2,沙田全天候跑道,1200,好地,1.10.79,25.2   22.8   22.7
15/04/2025,3,沙田全天候跑道,1200,好地,1.10.26,24.8   22.7   22.7
15/04/2025,4,沙田全天候跑道,1200,好地,1.10.76,24.8   22.7   23.2
14/04/2025,1,沙田全天候跑道,1200,好地,1.10.96,25.6   23.0   22.3
14/04/2025,2,沙田全天候跑道,1200,好地,1.10.79,25.2   22.8   22.7
14/04/2025,3,沙田全天候跑道,1200,好地,1.10.26,24.8   22.7   22.7
14/04/2025,4,沙田全天候跑道,1200,好地,1.10.76,24.8   22.7   23.2
11/04/2025,1,沙田全天候跑道,1200,好地,1.10.96,25.6   23.0   22.3
11/04/2025,2,沙田全天候跑道,1200,好地,1.10.79,25.2   22.8   22.7
11/04/2025,3,沙田全天候跑道,1200,好地,1.10.26,24.8   22.7   22.7
11/04/2025,4,沙田全天候跑道,1200,好地,1.10.76,24.8   22.7   23.2
10/04/2025,1,沙田全天候跑道,1200,好地,1.10.96,25.6   23.0   22.3
10/04/2025,2,沙田全天候跑道,1200,好地,1.10.79,25.2   22.8   22.7
10/04/2025,3,沙田全天候跑道,1200,好地,1.10.26,24.8   22.7   22.7
10/04/2025,4,沙田全天候跑道,1200,好地,1.10.76,24.8   22.7   23.2
08/04/2025,1,沙田全天候跑道,1200,好地,1.10.96,25.6   23.0   22.3
08/04/2025,2,沙田全天候跑道,1200,好地,1.10.79,25.2   22.8   22.7
08/04/2025,3,沙田全天候跑道,1200,好地,1.10.26,24.8   22.7   22.7
08/04/2025,4,沙田全天候跑道,1200,好地,1.10.76,24.8   22.7   23.2
07/04/2025,1,沙田全天候跑道,1200,好地,1.10.96,25.6   23.0   22.3
07/04/2025,2,沙田全天候跑道,1200,好地,1.10.79,25.2   22.8   22.7
07/04/2025,3,沙田全天候跑道,1200,好地,1.10.26,24.8   22.7   22.7
07/04/2025,4,沙田全天候跑道,1200,好地,1.10.76,24.8   22.7   23.2
03/04/2025,1,沙田全天候跑道,1200,好地,1.10.96,25.6   23.0   22.3
03/04/2025,2,沙田全天候跑道,1200,好地,1.10.79,25.2   22.8   22.7
03/04/2025,3,沙田全天候跑道,1200,好地,1.10.26,24.8   22.7   22.7
03/04/2025,4,沙田全天候跑道,1200,好地,1.10.76,24.8   22.7   23.2
01/04/2025,1,沙田全天候跑道,1200,好地,1.10.96,25.6   23.0   22.3
01/04/2025,2,沙田全天候跑道,1200,好地,1.10.79,25.2   22.8   22.7
01/04/2025,3,沙田全天候跑道,1200,好地,1.10.26,24.8   22.7   22.7
01/04/2025,4,沙田全天候跑道,1200,好地,1.10.76,24.8   22.7   23.2
28/03/2025,1,沙田全天候跑道,1200,好地,1.10.96,25.6   23.0   22.3
28/03/2025,2,沙田全天候跑道,1200,好地,1.10.79,25.2   22.8   22.7
28/03/2025,3,沙田全天候跑道,1200,好地,1.10.26,24.8   22.7   22.7
28/03/2025,4,沙田全天候跑道,1200,好地,1.10.76,24.8   22.7   23.2
27/03/2025,1,沙田全天候跑道,1200,好地,1.10.96,25.6   23.0   22.3
27/03/2025,2,沙田全天候跑道,1200,好地,1.10.79,25.2   22.8   22.7
27/03/2025,3,沙田全天候跑道,1200,好地,1.10.26,24.8   22.7   22.7
27/03/2025,4,沙田全天候跑道,1200,好地,1.10.76,24.8   22.7   23.2
25/03/2025,1,沙田全天候跑道,1200,好地,1.10.96,25.6   23.0   22.3
25/03/2025,2,沙田全天候跑道,1200,好地,1.10.79,25.2   22.8   22.7
25/03/2025,3,沙田全天候跑道,1200,好地,1.10.26,24.8   22.7   22.7
25/03/2025,4,沙田全天候跑道,1200,好地,1.10.76,24.8   22.7   23.2
24/03/2025,1,沙田全天候跑道,1200,好地,1.10.96,25.6   23.0   22.3
24/03/2025,2,沙田全天候跑道,1200,好地,1.10.79,25.2   22.8   22.7
24/03/2025,3,沙田全天候跑道,1200,好地,1.10.26,24.8   22.7   22.7
24/03/2025,4,沙田全天候跑道,1200,好地,1.10.76,24.8   22.7   23.2
21/03/2025,1,沙田全天候跑道,1200,好地,1.10.96,25.6   23.0   22.3
21/03/2025,2,沙田全天候跑道,1200,好地,1.10.79,25.2   22.8   22.7
21/03/2025,3,沙田全天候跑道,1200,好地,1.10.26,24.8   22.7   22.7
21/03/2025,4,沙田全天候跑道,1200,好地,1.10.76,24.8   22.7   23.2
20/03/2025,1,沙田全天候跑道,1200,好地,1.10.96,25.6   23.0   22.3
20/03/2025,2,沙田全天候跑道,1200,好地,1.10.79,25.2   22.8   22.7
20/03/2025,3,沙田全天候跑道,1200,好地,1.10.26,24.8   22.7   22.7
20/03/2025,4,沙田全天候跑道,1200,好地,1.10.76,24.8   22.7   23.2
18/03/2025,1,沙田全天候跑道,1200,好地,1.10.96,25.6   23.0   22.3
18/03/2025,2,沙田全天候跑道,1200,好地,1.10.79,25.2   22.8   22.7
18/03/2025,3,沙田全天候跑道,1200,好地,1.10.26,24.8   22.7   22.7
18/03/2025,4,沙田全天候跑道,1200,好地,1.10.76,24.8   22.7   23.2
14/03/2025,1,沙田全天候跑道,1200,好地,1.10.96,25.6   23.0   22.3
14/03/2025,2,沙田全天候跑道,1200,好地,1.10.79,25.2   22.8   22.7
14/03/2025,3,沙田全天候跑道,1200,好地,1.10.26,24.8   22.7   22.7
14/03/2025,4,沙田全天候跑道,1200,好地,1.10.76,24.8   22.7   23.2
13/03/2025,1,沙田全天候跑道,1200,好地,1.10.96,25.6   23.0   22.3
13/03/2025,2,沙田全天候跑道,1200,好地,1.10.79,25.2   22.8   22.7
13/03/2025,3,沙田全天候跑道,1200,好地,1.10.26,24.8   22.7   22.7
13/03/2025,4,沙田全天候跑道,1200,好地,1.10.76,24.8   22.7   23.2
17/04/2026,1,從化草地,1000,好地,0.59.71,14.3   21.7   23.7
17/04/2026,2,從化草地,1000,好地,0.58.09,13.4   21.5   23.1
17/04/2026,3,從化草地,1000,好地,0.59.16,13.9   22.3   22.9
17/04/2026,4,從化草地,1600,好地,1.39.81,27.2   25.0   23.5   24.1
17/04/2026,5,從化草地,1200,好地,1.12.33,26.4   22.5   23.4
17/04/2026,6,從化草地,1200,好地,1.12.30,25.0   23.5   23.8
17/04/2026,7,從化草地,1200,好地,1.11.83,24.9   22.9   24.0
17/04/2026,8,從化草地,1200,好地,1.12.42,24.5   22.6   25.3
17/04/2026,9,從化草地,1200,好地,1.11.65,24.6   22.7   24.3
21/04/2026,1,沙田全天候跑道,1200,好地,1.09.48,24.5   22.2   22.7
21/04/2026,2,沙田全天候跑道,1200,好地,1.08.89,24.0   22.0   22.8
21/04/2026,3,沙田全天候跑道,1050,好地,1.00.83,16.2   22.1   22.5
20/04/2026,1,沙田全天候跑道,1200,好地,1.09.48,24.5   22.2   22.7
20/04/2026,2,沙田全天候跑道,1200,好地,1.08.89,24.0   22.0   22.8
20/04/2026,3,沙田全天候跑道,1050,好地,1.00.83,16.2   22.1   22.5
